year,Region,District,count,mean,std,pmean,pcount,pstd
1983,Amhara,Enbise Sar Midir,0,0,0,1.429417389,0.877901562,0.403996821
1983,Amhara,Ebenat,3,8.666666667,2.309401077,2.255591656,0.403270739,0.411926193
1983,Amhara,Shebel Berenta,0,0,0,1.429417389,0.877901562,0.403996821
1983,Amhara,Kemekem,4,7.5,4.358898944,1.90151697,0.606683949,0.408527891
1983,Amhara,Goncha Siso Enese,0,0,0,1.429417389,0.877901562,0.403996821
1983,Tigray,Adwa,0,0,0,1.547443906,0.642229727,0.376520979
1983,Tigray,Ahferom,0,0,0,2.01953861,0.640377839,0.266617609
1983,Tigray,Alamata,0,0,0,1.665467582,0.641766755,0.349045136
1983,Tigray,Ambalaje,0,0,0,1.901514934,0.640840811,0.294093451
1983,Tigray,Samre,0,0,0,1.42942023,0.642692699,0.403996821
1983,Tigray,Hawzen,0,0,0,1.42942023,0.642692699,0.403996821
1983,Tigray,Endamehoni,0,0,0,1.901514934,0.640840811,0.294093451
1983,Tigray,Ganta Afeshum,2,7,2.828427125,1.665467582,0.641766755,0.349045136
1983,Tigray,Wukro,0,0,0,1.42942023,0.642692699,0.403996821
1983,Tigray,Medebay Zana,1,9,0,1.42942023,0.642692699,0.403996821
1983,Tigray,Hintalo Wajerat,0,0,0,1.42942023,0.642692699,0.403996821
1983,Tigray,Ofla,0,0,0,1.783491258,0.641303783,0.321569294
1983,Tigray,Kola Temben,8,10,0,1.42942023,0.642692699,0.403996821
1983,Tigray,Naeder Adet,0,0,0,1.42942023,0.642692699,0.403996821
1983,Tigray,Tanku Abergele,2,10,0,1.42942023,0.642692699,0.403996821
1983,Tigray,Raya Azebo,0,0,0,1.665467582,0.641766755,0.349045136
1983,Tigray,Werie Lehe,0,0,0,1.665467582,0.641766755,0.349045136
1984,Amhara,Enbise Sar Midir,15,10,0,9.318144651,13.34652253,0.907225159
1984,Amhara,Ebenat,16,8.75,2.48997992,9.436169546,13.27871813,0.908357927
1984,Amhara,Shebel Berenta,15,10,0,8.728020175,13.68554455,0.901561323
1984,Amhara,Kemekem,27,8.333333333,3.150091574,9.318144651,13.34652253,0.907225159
1984,Amhara,Goncha Siso Enese,3,10,0,9.200119756,13.41432693,0.906092392
1984,Tigray,Adwa,2,10,0,8.442927949,4.893004354,0.522341916
1984,Tigray,Ahferom,7,10,0,8.442927949,4.893004354,0.522341916
1984,Tigray,Alamata,3,10,0,8.678975302,4.89207841,0.467390231
1984,Tigray,Ambalaje,4,10,0,8.678975302,4.89207841,0.467390231
1984,Tigray,Samre,8,10,0,8.678975302,4.89207841,0.467390231
1984,Tigray,Hawzen,5,10,0,8.560951625,4.892541382,0.494866074
1984,Tigray,Endamehoni,7,10,0,8.678975302,4.89207841,0.467390231
1984,Tigray,Ganta Afeshum,3,9,1,8.560951625,4.892541382,0.494866074
1984,Tigray,Wukro,3,9.666666667,0.577350269,8.678975302,4.89207841,0.467390231
1984,Tigray,Medebay Zana,5,10,0,8.560951625,4.892541382,0.494866074
1984,Tigray,Hintalo Wajerat,4,10,0,8.678975302,4.89207841,0.467390231
1984,Tigray,Ofla,5,10,0,8.678975302,4.89207841,0.467390231
1984,Tigray,Kola Temben,1,9,0,8.678975302,4.89207841,0.467390231
1984,Tigray,Naeder Adet,5,10,0,8.560951625,4.892541382,0.494866074
1984,Tigray,Tanku Abergele,8,10,0,8.678975302,4.89207841,0.467390231
1984,Tigray,Raya Azebo,3,10,0,8.678975302,4.89207841,0.467390231
1984,Tigray,Werie Lehe,8,10,0,8.560951625,4.892541382,0.494866074
1985,Amhara,Enbise Sar Midir,2,8,2.828427125,6.058833599,2.977744506,1.832782031
1985,Amhara,Ebenat,10,8.5,1.840893503,6.058833599,2.977744506,1.832782031
1985,Amhara,Shebel Berenta,0,0,0,5.940808704,3.045548909,1.831649264
1985,Amhara,Kemekem,4,8.5,3,5.940808704,3.045548909,1.831649264
1985,Amhara,Goncha Siso Enese,0,0,0,5.940808704,3.045548909,1.831649264
1985,Tigray,Adwa,0,0,0,1.42942023,0.642692699,0.403996821
1985,Tigray,Ahferom,0,0,0,1.42942023,0.642692699,0.403996821
1985,Tigray,Alamata,0,0,0,2.137562286,0.639914867,0.239141766
1985,Tigray,Ambalaje,0,0,0,1.42942023,0.642692699,0.403996821
1985,Tigray,Samre,0,0,0,1.547443906,0.642229727,0.376520979
1985,Tigray,Hawzen,1,9,0,1.42942023,0.642692699,0.403996821
1985,Tigray,Endamehoni,0,0,0,1.783491258,0.641303783,0.321569294
1985,Tigray,Ganta Afeshum,0,0,0,1.42942023,0.642692699,0.403996821
1985,Tigray,Wukro,0,0,0,1.42942023,0.642692699,0.403996821
1985,Tigray,Medebay Zana,0,0,0,1.42942023,0.642692699,0.403996821
1985,Tigray,Hintalo Wajerat,1,9,0,1.42942023,0.642692699,0.403996821
1985,Tigray,Ofla,1,5,0,2.01953861,0.640377839,0.266617609
1985,Tigray,Kola Temben,0,0,0,1.42942023,0.642692699,0.403996821
1985,Tigray,Naeder Adet,0,0,0,1.42942023,0.642692699,0.403996821
1985,Tigray,Tanku Abergele,0,0,0,1.665467582,0.641766755,0.349045136
1985,Tigray,Raya Azebo,0,0,0,1.901514934,0.640840811,0.294093451
1985,Tigray,Werie Lehe,0,0,0,1.42942023,0.642692699,0.403996821
1986,Amhara,Enbise Sar Midir,2,2.5,2.121320344,5.34239541,2.822251181,1.923145273
1986,Amhara,Ebenat,14,7.214285714,2.694112425,5.34239541,2.822251181,1.923145273
1986,Amhara,Shebel Berenta,1,6,0,5.34239541,2.822251181,1.923145273
1986,Amhara,Kemekem,3,7.333333333,3.785938897,5.34239541,2.822251181,1.923145273
1986,Amhara,Goncha Siso Enese,2,7,1.414213562,5.34239541,2.822251181,1.923145273
1986,Tigray,Adwa,1,7,0,1.42942023,0.642692699,0.403996821
1986,Tigray,Ahferom,1,3,0,1.42942023,0.642692699,0.403996821
1986,Tigray,Alamata,0,0,0,1.42942023,0.642692699,0.403996821
1986,Tigray,Ambalaje,0,0,0,1.42942023,0.642692699,0.403996821
1986,Tigray,Samre,0,0,0,1.42942023,0.642692699,0.403996821
1986,Tigray,Hawzen,1,9,0,1.42942023,0.642692699,0.403996821
1986,Tigray,Endamehoni,0,0,0,1.42942023,0.642692699,0.403996821
1986,Tigray,Ganta Afeshum,0,0,0,1.42942023,0.642692699,0.403996821
1986,Tigray,Wukro,0,0,0,1.42942023,0.642692699,0.403996821
1986,Tigray,Medebay Zana,0,0,0,1.42942023,0.642692699,0.403996821
1986,Tigray,Hintalo Wajerat,0,0,0,1.42942023,0.642692699,0.403996821
1986,Tigray,Ofla,0,0,0,1.42942023,0.642692699,0.403996821
1986,Tigray,Kola Temben,5,6.2,2.167948339,1.42942023,0.642692699,0.403996821
1986,Tigray,Naeder Adet,0,0,0,1.42942023,0.642692699,0.403996821
1986,Tigray,Tanku Abergele,1,1,0,1.42942023,0.642692699,0.403996821
1986,Tigray,Raya Azebo,0,0,0,1.42942023,0.642692699,0.403996821
1986,Tigray,Werie Lehe,1,4,0,1.42942023,0.642692699,0.403996821
1987,Amhara,Enbise Sar Midir,12,7.916666667,1.083624669,7.674013545,10.47566304,1.378581271
1987,Amhara,Ebenat,12,8.666666667,1.435481125,7.79203844,10.40785863,1.379714038
1987,Amhara,Shebel Berenta,14,9,0,7.319938859,10.67907625,1.375182969
1987,Amhara,Kemekem,10,6.6,1.95505044,7.910063336,10.34005423,1.380846805
1987,Amhara,Goncha Siso Enese,1,3,0,7.55598865,10.54346744,1.377448503
1987,Tigray,Adwa,1,8,0,5.208382544,3.353646577,1.017581052
1987,Tigray,Ahferom,6,8.166666667,0.752772653,5.208382544,3.353646577,1.017581052
1987,Tigray,Alamata,2,9,0,5.208382544,3.353646577,1.017581052
1987,Tigray,Ambalaje,4,9,0,5.208382544,3.353646577,1.017581052
1987,Tigray,Samre,6,6.166666667,3.060501048,5.444429896,3.352720633,0.962629367
1987,Tigray,Hawzen,4,8.75,0.5,5.208382544,3.353646577,1.017581052
1987,Tigray,Endamehoni,8,6,3.295017884,5.208382544,3.353646577,1.017581052
1987,Tigray,Ganta Afeshum,3,6.333333333,0.577350269,5.208382544,3.353646577,1.017581052
1987,Tigray,Wukro,2,5,0,5.32640622,3.353183605,0.99010521
1987,Tigray,Medebay Zana,1,1,0,5.208382544,3.353646577,1.017581052
1987,Tigray,Hintalo Wajerat,3,9,0,5.444429896,3.352720633,0.962629367
1987,Tigray,Ofla,5,9,0,5.444429896,3.352720633,0.962629367
1987,Tigray,Kola Temben,1,2,0,5.208382544,3.353646577,1.017581052
1987,Tigray,Naeder Adet,2,4.5,4.949747468,5.208382544,3.353646577,1.017581052
1987,Tigray,Tanku Abergele,6,5,1.673320053,5.208382544,3.353646577,1.017581052
1987,Tigray,Raya Azebo,3,5.333333333,3.511884584,5.208382544,3.353646577,1.017581052
1987,Tigray,Werie Lehe,7,6.571428571,2.149196971,5.208382544,3.353646577,1.017581052
1988,Amhara,Enbise Sar Midir,4,9,0,6.137703841,4.959994349,1.098467322
1988,Amhara,Ebenat,6,7.833333333,1.940790217,6.137703841,4.959994349,1.098467322
1988,Amhara,Shebel Berenta,2,6,4.242640687,6.137703841,4.959994349,1.098467322
1988,Amhara,Kemekem,4,8.75,0.5,6.137703841,4.959994349,1.098467322
1988,Amhara,Goncha Siso Enese,0,0,0,6.137703841,4.959994349,1.098467322
1988,Tigray,Adwa,0,0,0,1.42942023,0.642692699,0.403996821
1988,Tigray,Ahferom,0,0,0,1.42942023,0.642692699,0.403996821
1988,Tigray,Alamata,0,0,0,1.42942023,0.642692699,0.403996821
1988,Tigray,Ambalaje,0,0,0,1.42942023,0.642692699,0.403996821
1988,Tigray,Samre,0,0,0,1.42942023,0.642692699,0.403996821
1988,Tigray,Hawzen,1,3,0,1.42942023,0.642692699,0.403996821
1988,Tigray,Endamehoni,0,0,0,1.42942023,0.642692699,0.403996821
1988,Tigray,Ganta Afeshum,1,10,0,1.42942023,0.642692699,0.403996821
1988,Tigray,Wukro,0,0,0,1.42942023,0.642692699,0.403996821
1988,Tigray,Medebay Zana,0,0,0,1.42942023,0.642692699,0.403996821
1988,Tigray,Hintalo Wajerat,0,0,0,1.42942023,0.642692699,0.403996821
1988,Tigray,Ofla,0,0,0,1.42942023,0.642692699,0.403996821
1988,Tigray,Kola Temben,3,6,1.732050808,1.42942023,0.642692699,0.403996821
1988,Tigray,Naeder Adet,2,8,1.414213562,1.42942023,0.642692699,0.403996821
1988,Tigray,Tanku Abergele,0,0,0,1.42942023,0.642692699,0.403996821
1988,Tigray,Raya Azebo,1,8,0,1.42942023,0.642692699,0.403996821
1988,Tigray,Werie Lehe,2,6,4.242640687,1.42942023,0.642692699,0.403996821
1989,Amhara,Enbise Sar Midir,2,2,0,3.828227737,3.492318519,1.149124191
1989,Amhara,Ebenat,3,5,1,3.828227737,3.492318519,1.149124191
1989,Amhara,Shebel Berenta,3,4,3.605551275,3.828227737,3.492318519,1.149124191
1989,Amhara,Kemekem,6,8,1.095445115,3.828227737,3.492318519,1.149124191
1989,Amhara,Goncha Siso Enese,0,0,0,3.828227737,3.492318519,1.149124191
1989,Tigray,Adwa,1,9,0,5.697245226,1.808175945,0.769101779
1989,Tigray,Ahferom,2,5.5,3.535533906,5.697245226,1.808175945,0.769101779
1989,Tigray,Alamata,0,0,0,5.107126846,1.810490805,0.906480992
1989,Tigray,Ambalaje,0,0,0,5.225150522,1.810027833,0.87900515
1989,Tigray,Samre,4,5.75,3.947573094,5.343174198,1.809564861,0.851529307
1989,Tigray,Hawzen,3,5.333333333,2.516611478,5.57922155,1.808638917,0.796577622
1989,Tigray,Endamehoni,0,0,0,5.343174198,1.809564861,0.851529307
1989,Tigray,Ganta Afeshum,1,6,0,5.57922155,1.808638917,0.796577622
1989,Tigray,Wukro,1,8,0,5.57922155,1.808638917,0.796577622
1989,Tigray,Medebay Zana,1,7,0,5.461197874,1.809101889,0.824053464
1989,Tigray,Hintalo Wajerat,0,0,0,5.343174198,1.809564861,0.851529307
1989,Tigray,Ofla,0,0,0,5.343174198,1.809564861,0.851529307
1989,Tigray,Kola Temben,5,5.8,1.788854382,5.57922155,1.808638917,0.796577622
1989,Tigray,Naeder Adet,1,9,0,5.57922155,1.808638917,0.796577622
1989,Tigray,Tanku Abergele,5,3.6,1.816590212,5.57922155,1.808638917,0.796577622
1989,Tigray,Raya Azebo,0,0,0,5.225150522,1.810027833,0.87900515
1989,Tigray,Werie Lehe,7,5.571428571,2.572750983,5.57922155,1.808638917,0.796577622
1990,Amhara,Enbise Sar Midir,6,6,2.449489743,5.193302433,7.245524775,2.007082153
1990,Amhara,Ebenat,8,5.5,2.976095237,5.783426909,6.906502759,2.01274599
1990,Amhara,Shebel Berenta,8,5.25,2.549509757,5.193302433,7.245524775,2.007082153
1990,Amhara,Kemekem,9,8,1.58113883,6.0194767,6.770893953,2.015011525
1990,Amhara,Goncha Siso Enese,1,6,0,5.547377119,7.042111566,2.010480455
1990,Tigray,Adwa,1,9,0,6.281101156,3.612429626,1.480198354
1990,Tigray,Ahferom,4,6.5,1.914854216,6.281101156,3.612429626,1.480198354
1990,Tigray,Alamata,2,5,5.656854249,6.045053803,3.613355569,1.535150039
1990,Tigray,Ambalaje,1,7,0,6.045053803,3.613355569,1.535150039
1990,Tigray,Samre,3,5.333333333,1.527525232,6.163077479,3.612892598,1.507674196
1990,Tigray,Hawzen,1,6,0,6.281101156,3.612429626,1.480198354
1990,Tigray,Endamehoni,6,8.833333333,0.40824829,6.045053803,3.613355569,1.535150039
1990,Tigray,Ganta Afeshum,3,9,1,6.281101156,3.612429626,1.480198354
1990,Tigray,Wukro,3,8.666666667,1.154700538,6.163077479,3.612892598,1.507674196
1990,Tigray,Medebay Zana,1,5,0,6.281101156,3.612429626,1.480198354
1990,Tigray,Hintalo Wajerat,4,5.75,3.201562119,6.163077479,3.612892598,1.507674196
1990,Tigray,Ofla,3,5.333333333,2.081665999,5.927030127,3.613818541,1.562625881
1990,Tigray,Kola Temben,3,7,3.464101615,6.163077479,3.612892598,1.507674196
1990,Tigray,Naeder Adet,3,6.333333333,2.081665999,6.281101156,3.612429626,1.480198354
1990,Tigray,Tanku Abergele,9,5.222222222,3.073181486,6.163077479,3.612892598,1.507674196
1990,Tigray,Raya Azebo,2,9,0,6.045053803,3.613355569,1.535150039
1990,Tigray,Werie Lehe,6,2.833333333,1.834847859,6.281101156,3.612429626,1.480198354
1991,Amhara,Enbise Sar Midir,7,6.571428571,1.272418021,6.198357466,5.704692936,1.432181402
1991,Amhara,Ebenat,6,4.833333333,2.786873995,5.490208094,6.111519355,1.425384798
1991,Amhara,Shebel Berenta,1,7,0,6.434407256,5.569084129,1.434446936
1991,Amhara,Kemekem,14,7.714285714,1.938618518,5.490208094,6.111519355,1.425384798
1991,Amhara,Goncha Siso Enese,1,3,0,5.490208094,6.111519355,1.425384798
1991,Tigray,Adwa,0,0,0,1.42942023,0.642692699,0.403996821
1991,Tigray,Ahferom,3,5.333333333,1.527525232,1.547443906,0.642229727,0.376520979
1991,Tigray,Alamata,0,0,0,2.01953861,0.640377839,0.266617609
1991,Tigray,Ambalaje,0,0,0,1.42942023,0.642692699,0.403996821
1991,Tigray,Samre,3,2,1,1.42942023,0.642692699,0.403996821
1991,Tigray,Hawzen,0,0,0,1.547443906,0.642229727,0.376520979
1991,Tigray,Endamehoni,0,0,0,1.42942023,0.642692699,0.403996821
1991,Tigray,Ganta Afeshum,0,0,0,1.783491258,0.641303783,0.321569294
1991,Tigray,Wukro,1,4,0,2.01953861,0.640377839,0.266617609
1991,Tigray,Medebay Zana,5,6.4,3.130495168,1.42942023,0.642692699,0.403996821
1991,Tigray,Hintalo Wajerat,0,0,0,2.255585962,0.639451895,0.211665923
1991,Tigray,Ofla,0,0,0,1.42942023,0.642692699,0.403996821
1991,Tigray,Kola Temben,1,8,0,1.42942023,0.642692699,0.403996821
1991,Tigray,Naeder Adet,0,0,0,1.42942023,0.642692699,0.403996821
1991,Tigray,Tanku Abergele,0,0,0,1.42942023,0.642692699,0.403996821
1991,Tigray,Raya Azebo,1,5,0,2.137562286,0.639914867,0.239141766
1991,Tigray,Werie Lehe,3,4.666666667,0.577350269,1.42942023,0.642692699,0.403996821
1992,Amhara,Enbise Sar Midir,3,5.333333333,1.154700538,5.446526235,3.565847754,1.364194469
1992,Amhara,Ebenat,4,6.25,2.362907813,5.092451549,3.769260964,1.360796167
1992,Amhara,Shebel Berenta,1,8,0,6.154675607,3.159021335,1.370991073
1992,Amhara,Kemekem,13,6.692307692,2.136376035,5.092451549,3.769260964,1.360796167
1992,Amhara,Goncha Siso Enese,0,0,0,5.092451549,3.769260964,1.360796167
1992,Tigray,Adwa,0,0,0,2.01953861,0.640377839,0.266617609
1992,Tigray,Ahferom,0,0,0,1.42942023,0.642692699,0.403996821
1992,Tigray,Alamata,0,0,0,1.42942023,0.642692699,0.403996821
1992,Tigray,Ambalaje,3,5.333333333,3.055050463,1.42942023,0.642692699,0.403996821
1992,Tigray,Samre,1,7,0,1.42942023,0.642692699,0.403996821
1992,Tigray,Hawzen,0,0,0,1.42942023,0.642692699,0.403996821
1992,Tigray,Endamehoni,0,0,0,1.42942023,0.642692699,0.403996821
1992,Tigray,Ganta Afeshum,0,0,0,1.42942023,0.642692699,0.403996821
1992,Tigray,Wukro,0,0,0,1.42942023,0.642692699,0.403996821
1992,Tigray,Medebay Zana,1,8,0,2.373609638,0.638988923,0.184190081
1992,Tigray,Hintalo Wajerat,2,2.5,0.707106781,1.42942023,0.642692699,0.403996821
1992,Tigray,Ofla,0,0,0,1.42942023,0.642692699,0.403996821
1992,Tigray,Kola Temben,2,7,2.828427125,1.547443906,0.642229727,0.376520979
1992,Tigray,Naeder Adet,2,6.5,3.535533906,2.255585962,0.639451895,0.211665923
1992,Tigray,Tanku Abergele,2,2,0,1.547443906,0.642229727,0.376520979
1992,Tigray,Raya Azebo,0,0,0,1.42942023,0.642692699,0.403996821
1992,Tigray,Werie Lehe,1,5,0,1.42942023,0.642692699,0.403996821
1993,Amhara,Enbise Sar Midir,5,6,2.121320344,5.000481915,5.009569869,1.849143065
1993,Amhara,Ebenat,5,6,2.34520788,5.000481915,5.009569869,1.849143065
1993,Amhara,Shebel Berenta,3,4,1.732050808,5.000481915,5.009569869,1.849143065
1993,Amhara,Kemekem,6,4.166666667,2.401388487,5.000481915,5.009569869,1.849143065
1993,Amhara,Goncha Siso Enese,1,9,0,5.000481915,5.009569869,1.849143065
1993,Tigray,Adwa,0,0,0,3.496890285,1.63014446,0.705094549
1993,Tigray,Ahferom,1,5,0,3.496890285,1.63014446,0.705094549
1993,Tigray,Alamata,2,7.5,0.707106781,3.496890285,1.63014446,0.705094549
1993,Tigray,Ambalaje,0,0,0,3.496890285,1.63014446,0.705094549
1993,Tigray,Samre,0,0,0,3.496890285,1.63014446,0.705094549
1993,Tigray,Hawzen,2,3.5,2.121320344,3.496890285,1.63014446,0.705094549
1993,Tigray,Endamehoni,2,8,0,3.496890285,1.63014446,0.705094549
1993,Tigray,Ganta Afeshum,1,7,0,3.496890285,1.63014446,0.705094549
1993,Tigray,Wukro,1,7,0,3.496890285,1.63014446,0.705094549
1993,Tigray,Medebay Zana,1,4,0,3.496890285,1.63014446,0.705094549
1993,Tigray,Hintalo Wajerat,2,4,4.242640687,3.496890285,1.63014446,0.705094549
1993,Tigray,Ofla,4,3.25,2.061552813,3.496890285,1.63014446,0.705094549
1993,Tigray,Kola Temben,2,3.5,3.535533906,3.496890285,1.63014446,0.705094549
1993,Tigray,Naeder Adet,0,0,0,3.496890285,1.63014446,0.705094549
1993,Tigray,Tanku Abergele,4,4,0,3.496890285,1.63014446,0.705094549
1993,Tigray,Raya Azebo,0,0,0,3.496890285,1.63014446,0.705094549
1993,Tigray,Werie Lehe,0,0,0,3.496890285,1.63014446,0.705094549
1994,Amhara,Enbise Sar Midir,5,3.8,2.28035085,4.412487383,4.814849046,1.887720504
1994,Amhara,Ebenat,5,4.4,2.302172887,4.412487383,4.814849046,1.887720504
1994,Amhara,Shebel Berenta,5,5.8,2.387467277,4.412487383,4.814849046,1.887720504
1994,Amhara,Kemekem,8,6.75,2.604940361,4.412487383,4.814849046,1.887720504
1994,Amhara,Goncha Siso Enese,1,5,0,4.412487383,4.814849046,1.887720504
1994,Tigray,Adwa,1,2,0,4.352228268,2.616669404,1.202338544
1994,Tigray,Ahferom,5,7.2,2.48997992,4.352228268,2.616669404,1.202338544
1994,Tigray,Alamata,0,0,0,4.352228268,2.616669404,1.202338544
1994,Tigray,Ambalaje,4,6.5,1.732050808,4.352228268,2.616669404,1.202338544
1994,Tigray,Samre,5,2.4,0.894427191,4.352228268,2.616669404,1.202338544
1994,Tigray,Hawzen,3,3.333333333,3.214550254,4.352228268,2.616669404,1.202338544
1994,Tigray,Endamehoni,5,7,1,4.352228268,2.616669404,1.202338544
1994,Tigray,Ganta Afeshum,2,4.5,3.535533906,4.352228268,2.616669404,1.202338544
1994,Tigray,Wukro,1,4,0,4.352228268,2.616669404,1.202338544
1994,Tigray,Medebay Zana,1,2,0,4.352228268,2.616669404,1.202338544
1994,Tigray,Hintalo Wajerat,2,6,0,4.352228268,2.616669404,1.202338544
1994,Tigray,Ofla,1,5,0,4.352228268,2.616669404,1.202338544
1994,Tigray,Kola Temben,1,5,0,4.352228268,2.616669404,1.202338544
1994,Tigray,Naeder Adet,2,7.5,0.707106781,4.352228268,2.616669404,1.202338544
1994,Tigray,Tanku Abergele,3,4.333333333,1.527525232,4.352228268,2.616669404,1.202338544
1994,Tigray,Raya Azebo,2,5,1.414213562,4.352228268,2.616669404,1.202338544
1994,Tigray,Werie Lehe,7,7.428571429,0.534522484,4.352228268,2.616669404,1.202338544
1995,Amhara,Enbise Sar Midir,2,5.5,2.121320344,4.720378381,2.799995888,2.077366327
1995,Amhara,Ebenat,4,5.25,2.872281323,4.366303696,3.003409098,2.073968025
1995,Amhara,Shebel Berenta,3,3,2.645751311,4.956428172,2.664387082,2.079631862
1995,Amhara,Kemekem,6,4.833333333,3.430257522,4.484328591,2.935604695,2.075100793
1995,Amhara,Goncha Siso Enese,2,3,1.414213562,4.720378381,2.799995888,2.077366327
1995,Tigray,Adwa,0,0,0,1.42942023,0.642692699,0.403996821
1995,Tigray,Ahferom,0,0,0,1.42942023,0.642692699,0.403996821
1995,Tigray,Alamata,1,3,0,1.42942023,0.642692699,0.403996821
1995,Tigray,Ambalaje,1,1,0,1.42942023,0.642692699,0.403996821
1995,Tigray,Samre,2,4.5,0.707106781,1.42942023,0.642692699,0.403996821
1995,Tigray,Hawzen,0,0,0,1.42942023,0.642692699,0.403996821
1995,Tigray,Endamehoni,0,0,0,1.42942023,0.642692699,0.403996821
1995,Tigray,Ganta Afeshum,0,0,0,1.42942023,0.642692699,0.403996821
1995,Tigray,Wukro,0,0,0,1.42942023,0.642692699,0.403996821
1995,Tigray,Medebay Zana,0,0,0,1.42942023,0.642692699,0.403996821
1995,Tigray,Hintalo Wajerat,1,8,0,1.42942023,0.642692699,0.403996821
1995,Tigray,Ofla,2,4.5,3.535533906,1.42942023,0.642692699,0.403996821
1995,Tigray,Kola Temben,1,3,0,1.42942023,0.642692699,0.403996821
1995,Tigray,Naeder Adet,1,8,0,1.42942023,0.642692699,0.403996821
1995,Tigray,Tanku Abergele,0,0,0,1.42942023,0.642692699,0.403996821
1995,Tigray,Raya Azebo,0,0,0,1.42942023,0.642692699,0.403996821
1995,Tigray,Werie Lehe,0,0,0,1.42942023,0.642692699,0.403996821
1996,Amhara,Enbise Sar Midir,0,0,0,4.350493577,2.368702779,0.686189677
1996,Amhara,Ebenat,3,3.333333333,1.527525232,4.350493577,2.368702779,0.686189677
1996,Amhara,Shebel Berenta,1,5,0,4.350493577,2.368702779,0.686189677
1996,Amhara,Kemekem,5,5,1.870828693,4.350493577,2.368702779,0.686189677
1996,Amhara,Goncha Siso Enese,1,9,0,4.350493577,2.368702779,0.686189677
1996,Tigray,Adwa,0,0,0,1.42942023,0.642692699,0.403996821
1996,Tigray,Ahferom,3,1.333333333,0.577350269,1.42942023,0.642692699,0.403996821
1996,Tigray,Alamata,1,3,0,1.42942023,0.642692699,0.403996821
1996,Tigray,Ambalaje,2,6,2.828427125,1.42942023,0.642692699,0.403996821
1996,Tigray,Samre,0,0,0,1.42942023,0.642692699,0.403996821
1996,Tigray,Hawzen,0,0,0,1.42942023,0.642692699,0.403996821
1996,Tigray,Endamehoni,0,0,0,1.42942023,0.642692699,0.403996821
1996,Tigray,Ganta Afeshum,0,0,0,1.42942023,0.642692699,0.403996821
1996,Tigray,Wukro,0,0,0,1.42942023,0.642692699,0.403996821
1996,Tigray,Medebay Zana,0,0,0,1.42942023,0.642692699,0.403996821
1996,Tigray,Hintalo Wajerat,1,2,0,1.42942023,0.642692699,0.403996821
1996,Tigray,Ofla,0,0,0,1.42942023,0.642692699,0.403996821
1996,Tigray,Kola Temben,5,7.4,1.516575089,1.42942023,0.642692699,0.403996821
1996,Tigray,Naeder Adet,2,4,1.414213562,1.42942023,0.642692699,0.403996821
1996,Tigray,Tanku Abergele,2,9,0,1.42942023,0.642692699,0.403996821
1996,Tigray,Raya Azebo,0,0,0,1.42942023,0.642692699,0.403996821
1996,Tigray,Werie Lehe,0,0,0,1.42942023,0.642692699,0.403996821
1997,Amhara,Enbise Sar Midir,5,5,0.707106781,4.567938227,5.241224452,1.098160675
1997,Amhara,Ebenat,8,5.5,2.390457219,4.567938227,5.241224452,1.098160675
1997,Amhara,Shebel Berenta,4,4,0.816496581,4.567938227,5.241224452,1.098160675
1997,Amhara,Kemekem,7,4.857142857,2.544836041,4.567938227,5.241224452,1.098160675
1997,Amhara,Goncha Siso Enese,1,8,0,4.567938227,5.241224452,1.098160675
1997,Tigray,Adwa,0,0,0,4.51255487,2.595201078,1.117399311
1997,Tigray,Ahferom,2,4,2.828427125,4.51255487,2.595201078,1.117399311
1997,Tigray,Alamata,1,8,0,4.51255487,2.595201078,1.117399311
1997,Tigray,Ambalaje,1,7,0,4.51255487,2.595201078,1.117399311
1997,Tigray,Samre,7,8,1.154700538,4.51255487,2.595201078,1.117399311
1997,Tigray,Hawzen,4,5.25,2.872281323,4.51255487,2.595201078,1.117399311
1997,Tigray,Endamehoni,7,6.571428571,0.534522484,4.51255487,2.595201078,1.117399311
1997,Tigray,Ganta Afeshum,1,4,0,4.51255487,2.595201078,1.117399311
1997,Tigray,Wukro,2,4,1.414213562,4.51255487,2.595201078,1.117399311
1997,Tigray,Medebay Zana,1,9,0,4.51255487,2.595201078,1.117399311
1997,Tigray,Hintalo Wajerat,1,2,0,4.51255487,2.595201078,1.117399311
1997,Tigray,Ofla,2,5,0,4.51255487,2.595201078,1.117399311
1997,Tigray,Kola Temben,0,0,0,4.51255487,2.595201078,1.117399311
1997,Tigray,Naeder Adet,2,4,2.828427125,4.51255487,2.595201078,1.117399311
1997,Tigray,Tanku Abergele,8,8.125,0.640869944,4.51255487,2.595201078,1.117399311
1997,Tigray,Raya Azebo,3,6,1.732050808,4.51255487,2.595201078,1.117399311
1997,Tigray,Werie Lehe,7,6.142857143,3.532165126,4.51255487,2.595201078,1.117399311
1998,Amhara,Enbise Sar Midir,2,5,1.414213562,4.49091251,5.029955921,1.489386676
1998,Amhara,Ebenat,8,5,2.449489743,4.49091251,5.029955921,1.489386676
1998,Amhara,Shebel Berenta,5,3.6,2.607680962,4.49091251,5.029955921,1.489386676
1998,Amhara,Kemekem,8,5.125,1.552647509,4.49091251,5.029955921,1.489386676
1998,Amhara,Goncha Siso Enese,0,0,0,4.49091251,5.029955921,1.489386676
1998,Tigray,Adwa,1,1,0,2.643283892,1.493495785,0.471627188
1998,Tigray,Ahferom,3,5.666666667,2.309401077,2.643283892,1.493495785,0.471627188
1998,Tigray,Alamata,2,5.5,2.121320344,2.643283892,1.493495785,0.471627188
1998,Tigray,Ambalaje,0,0,0,2.643283892,1.493495785,0.471627188
1998,Tigray,Samre,1,8,0,2.643283892,1.493495785,0.471627188
1998,Tigray,Hawzen,0,0,0,2.643283892,1.493495785,0.471627188
1998,Tigray,Endamehoni,0,0,0,2.643283892,1.493495785,0.471627188
1998,Tigray,Ganta Afeshum,1,1,0,2.643283892,1.493495785,0.471627188
1998,Tigray,Wukro,1,4,0,2.643283892,1.493495785,0.471627188
1998,Tigray,Medebay Zana,2,5.5,3.535533906,2.643283892,1.493495785,0.471627188
1998,Tigray,Hintalo Wajerat,1,2,0,2.643283892,1.493495785,0.471627188
1998,Tigray,Ofla,2,7,0,2.643283892,1.493495785,0.471627188
1998,Tigray,Kola Temben,3,5.333333333,1.154700538,2.643283892,1.493495785,0.471627188
1998,Tigray,Naeder Adet,2,9,0,2.643283892,1.493495785,0.471627188
1998,Tigray,Tanku Abergele,0,0,0,2.643283892,1.493495785,0.471627188
1998,Tigray,Raya Azebo,0,0,0,2.643283892,1.493495785,0.471627188
1998,Tigray,Werie Lehe,0,0,0,2.643283892,1.493495785,0.471627188
1999,Amhara,Enbise Sar Midir,5,4.4,2.607680962,4.172057719,4.799958753,1.768928092
1999,Amhara,Ebenat,9,6.444444444,2.127857556,4.172057719,4.799958753,1.768928092
1999,Amhara,Shebel Berenta,4,4.75,2.061552813,4.172057719,4.799958753,1.768928092
1999,Amhara,Kemekem,11,4.545454545,2.46429042,4.172057719,4.799958753,1.768928092
1999,Amhara,Goncha Siso Enese,0,0,0,4.172057719,4.799958753,1.768928092
1999,Tigray,Adwa,1,4,0,3.40204513,1.614961274,0.679153731
1999,Tigray,Ahferom,3,3.333333333,1.527525232,3.638092482,1.61403533,0.624202046
1999,Tigray,Alamata,1,2,0,3.40204513,1.614961274,0.679153731
1999,Tigray,Ambalaje,2,3.5,3.535533906,3.40204513,1.614961274,0.679153731
1999,Tigray,Samre,1,5,0,3.40204513,1.614961274,0.679153731
1999,Tigray,Hawzen,4,5,2.943920289,3.638092482,1.61403533,0.624202046
1999,Tigray,Endamehoni,0,0,0,3.40204513,1.614961274,0.679153731
1999,Tigray,Ganta Afeshum,2,3,0,3.874139834,1.613109386,0.569250361
1999,Tigray,Wukro,0,0,0,3.40204513,1.614961274,0.679153731
1999,Tigray,Medebay Zana,2,6.5,0.707106781,3.638092482,1.61403533,0.624202046
1999,Tigray,Hintalo Wajerat,1,4,0,3.40204513,1.614961274,0.679153731
1999,Tigray,Ofla,0,0,0,3.40204513,1.614961274,0.679153731
1999,Tigray,Kola Temben,2,4,2.828427125,3.40204513,1.614961274,0.679153731
1999,Tigray,Naeder Adet,0,0,0,3.756116158,1.613572358,0.596726203
1999,Tigray,Tanku Abergele,1,5,0,3.40204513,1.614961274,0.679153731
1999,Tigray,Raya Azebo,0,0,0,3.40204513,1.614961274,0.679153731
1999,Tigray,Werie Lehe,3,3.333333333,1.154700538,3.40204513,1.614961274,0.679153731
2000,Amhara,Enbise Sar Midir,1,4,0,4.1648677,4.844694512,1.67145002
2000,Amhara,Ebenat,5,3.6,1.949358869,4.1648677,4.844694512,1.67145002
2000,Amhara,Shebel Berenta,5,5,2.449489743,4.1648677,4.844694512,1.67145002
2000,Amhara,Kemekem,8,4.5,2.725540575,4.1648677,4.844694512,1.67145002
2000,Amhara,Goncha Siso Enese,1,7,0,4.1648677,4.844694512,1.67145002
2000,Tigray,Adwa,0,0,0,1.42942023,0.642692699,0.403996821
2000,Tigray,Ahferom,1,4,0,1.42942023,0.642692699,0.403996821
2000,Tigray,Alamata,0,0,0,1.42942023,0.642692699,0.403996821
2000,Tigray,Ambalaje,0,0,0,1.42942023,0.642692699,0.403996821
2000,Tigray,Samre,3,4.333333333,2.516611478,1.42942023,0.642692699,0.403996821
2000,Tigray,Hawzen,0,0,0,1.42942023,0.642692699,0.403996821
2000,Tigray,Endamehoni,0,0,0,1.42942023,0.642692699,0.403996821
2000,Tigray,Ganta Afeshum,0,0,0,1.42942023,0.642692699,0.403996821
2000,Tigray,Wukro,1,6,0,1.42942023,0.642692699,0.403996821
2000,Tigray,Medebay Zana,0,0,0,1.42942023,0.642692699,0.403996821
2000,Tigray,Hintalo Wajerat,2,4.5,0.707106781,1.42942023,0.642692699,0.403996821
2000,Tigray,Ofla,0,0,0,1.42942023,0.642692699,0.403996821
2000,Tigray,Kola Temben,2,6,2.828427125,1.42942023,0.642692699,0.403996821
2000,Tigray,Naeder Adet,2,4.5,2.121320344,1.42942023,0.642692699,0.403996821
2000,Tigray,Tanku Abergele,3,2.666666667,2.081665999,1.42942023,0.642692699,0.403996821
2000,Tigray,Raya Azebo,0,0,0,1.42942023,0.642692699,0.403996821
2000,Tigray,Werie Lehe,0,0,0,1.42942023,0.642692699,0.403996821
2001,Amhara,Enbise Sar Midir,7,4.857142857,2.911389784,4.457892908,6.280021005,1.994167732
2001,Amhara,Ebenat,4,4.5,2.380476143,4.457892908,6.280021005,1.994167732
2001,Amhara,Shebel Berenta,7,6,0.816496581,4.457892908,6.280021005,1.994167732
2001,Amhara,Kemekem,9,4.222222222,2.538591035,4.457892908,6.280021005,1.994167732
2001,Amhara,Goncha Siso Enese,2,6,2.828427125,4.457892908,6.280021005,1.994167732
2001,Tigray,Adwa,1,5,0,2.074212964,1.402396669,0.315982282
2001,Tigray,Ahferom,0,0,0,2.074212964,1.402396669,0.315982282
2001,Tigray,Alamata,3,4,2.645751311,2.074212964,1.402396669,0.315982282
2001,Tigray,Ambalaje,2,3.5,0.707106781,2.074212964,1.402396669,0.315982282
2001,Tigray,Samre,0,0,0,2.074212964,1.402396669,0.315982282
2001,Tigray,Hawzen,0,0,0,2.074212964,1.402396669,0.315982282
2001,Tigray,Endamehoni,0,0,0,2.074212964,1.402396669,0.315982282
2001,Tigray,Ganta Afeshum,0,0,0,2.074212964,1.402396669,0.315982282
2001,Tigray,Wukro,1,2,0,2.074212964,1.402396669,0.315982282
2001,Tigray,Medebay Zana,4,6.25,0.957427108,2.074212964,1.402396669,0.315982282
2001,Tigray,Hintalo Wajerat,0,0,0,2.074212964,1.402396669,0.315982282
2001,Tigray,Ofla,4,2.25,1.5,2.074212964,1.402396669,0.315982282
2001,Tigray,Kola Temben,3,6.333333333,1.154700538,2.074212964,1.402396669,0.315982282
2001,Tigray,Naeder Adet,0,0,0,2.074212964,1.402396669,0.315982282
2001,Tigray,Tanku Abergele,2,8,0,2.074212964,1.402396669,0.315982282
2001,Tigray,Raya Azebo,0,0,0,2.074212964,1.402396669,0.315982282
2001,Tigray,Werie Lehe,2,1,0,2.074212964,1.402396669,0.315982282
2002,Amhara,Enbise Sar Midir,10,5.3,1.766981104,5.802829685,8.307355848,1.810041287
2002,Amhara,Ebenat,10,5.1,2.998147576,4.976655418,8.781986671,1.802111915
2002,Amhara,Shebel Berenta,6,4.166666667,2.562550813,5.68480479,8.375160252,1.808908519
2002,Amhara,Kemekem,10,7,2.160246899,5.212705209,8.646377864,1.80437745
2002,Amhara,Goncha Siso Enese,2,7,0,6.038879475,8.171747042,1.812306821
2002,Tigray,Adwa,1,2,0,4.77410327,1.718465744,0.6958844
2002,Tigray,Ahferom,4,4.5,2.380476143,4.538055917,1.719391688,0.750836085
2002,Tigray,Alamata,0,0,0,4.065961213,1.721243576,0.860739456
2002,Tigray,Ambalaje,1,5,0,4.065961213,1.721243576,0.860739456
2002,Tigray,Samre,5,5.2,1.643167673,4.065961213,1.721243576,0.860739456
2002,Tigray,Hawzen,1,8,0,4.420032241,1.71985466,0.778311928
2002,Tigray,Endamehoni,0,0,0,4.065961213,1.721243576,0.860739456
2002,Tigray,Ganta Afeshum,1,8,0,4.065961213,1.721243576,0.860739456
2002,Tigray,Wukro,1,6,0,4.065961213,1.721243576,0.860739456
2002,Tigray,Medebay Zana,3,4,3.464101615,4.77410327,1.718465744,0.6958844
2002,Tigray,Hintalo Wajerat,3,4.333333333,1.527525232,4.065961213,1.721243576,0.860739456
2002,Tigray,Ofla,1,2,0,4.065961213,1.721243576,0.860739456
2002,Tigray,Kola Temben,1,3,0,4.420032241,1.71985466,0.778311928
2002,Tigray,Naeder Adet,2,5.5,2.121320344,4.77410327,1.718465744,0.6958844
2002,Tigray,Tanku Abergele,7,4.857142857,1.67616342,4.065961213,1.721243576,0.860739456
2002,Tigray,Raya Azebo,0,0,0,4.065961213,1.721243576,0.860739456
2002,Tigray,Werie Lehe,4,7.5,1.914854216,4.77410327,1.718465744,0.6958844
2003,Amhara,Enbise Sar Midir,6,4.833333333,2.041241452,4.65671329,5.507034354,1.736236507
2003,Amhara,Ebenat,7,6.142857143,2.035400978,4.4206635,5.642643161,1.733970973
2003,Amhara,Shebel Berenta,6,4,2.28035085,4.65671329,5.507034354,1.736236507
2003,Amhara,Kemekem,11,5.181818182,2.676497032,4.4206635,5.642643161,1.733970973
2003,Amhara,Goncha Siso Enese,0,0,0,4.65671329,5.507034354,1.736236507
2003,Tigray,Adwa,1,6,0,1.42942023,0.642692699,0.403996821
2003,Tigray,Ahferom,1,4,0,1.42942023,0.642692699,0.403996821
2003,Tigray,Alamata,0,0,0,1.42942023,0.642692699,0.403996821
2003,Tigray,Ambalaje,2,2.5,0.707106781,1.42942023,0.642692699,0.403996821
2003,Tigray,Samre,0,0,0,1.42942023,0.642692699,0.403996821
2003,Tigray,Hawzen,0,0,0,1.42942023,0.642692699,0.403996821
2003,Tigray,Endamehoni,0,0,0,1.42942023,0.642692699,0.403996821
2003,Tigray,Ganta Afeshum,0,0,0,1.42942023,0.642692699,0.403996821
2003,Tigray,Wukro,0,0,0,1.42942023,0.642692699,0.403996821
2003,Tigray,Medebay Zana,0,0,0,1.42942023,0.642692699,0.403996821
2003,Tigray,Hintalo Wajerat,0,0,0,1.42942023,0.642692699,0.403996821
2003,Tigray,Ofla,1,2,0,1.42942023,0.642692699,0.403996821
2003,Tigray,Kola Temben,1,6,0,1.42942023,0.642692699,0.403996821
2003,Tigray,Naeder Adet,0,0,0,1.42942023,0.642692699,0.403996821
2003,Tigray,Tanku Abergele,2,3,0,1.42942023,0.642692699,0.403996821
2003,Tigray,Raya Azebo,0,0,0,1.42942023,0.642692699,0.403996821
2003,Tigray,Werie Lehe,0,0,0,1.42942023,0.642692699,0.403996821
2004,Amhara,Enbise Sar Midir,5,3.4,1.816590212,4.904601953,8.38902973,1.720807179
2004,Amhara,Ebenat,12,4.333333333,2.10338832,4.904601953,8.38902973,1.720807179
2004,Amhara,Shebel Berenta,10,5,2.260776661,4.432502372,8.660247342,1.71627611
2004,Amhara,Kemekem,15,3.933333333,2.576450123,5.022626848,8.321225326,1.721939947
2004,Amhara,Goncha Siso Enese,1,6,0,5.140651744,8.253420923,1.723072714
2004,Tigray,Adwa,1,1,0,3.53142961,2.446559387,0.858332031
2004,Tigray,Ahferom,5,5.4,1.673320053,3.649453287,2.446096415,0.830856189
2004,Tigray,Alamata,3,5,1,3.413405934,2.447022359,0.885807874
2004,Tigray,Ambalaje,2,3.5,3.535533906,3.53142961,2.446559387,0.858332031
2004,Tigray,Samre,6,5.333333333,2.250925735,3.885500639,2.445170471,0.775904504
2004,Tigray,Hawzen,4,4,0.816496581,4.003524315,2.444707499,0.748428661
2004,Tigray,Endamehoni,7,3.142857143,1.214985793,3.53142961,2.446559387,0.858332031
2004,Tigray,Ganta Afeshum,1,3,0,3.885500639,2.445170471,0.775904504
2004,Tigray,Wukro,0,0,0,4.003524315,2.444707499,0.748428661
2004,Tigray,Medebay Zana,0,0,0,3.885500639,2.445170471,0.775904504
2004,Tigray,Hintalo Wajerat,2,5.5,0.707106781,3.885500639,2.445170471,0.775904504
2004,Tigray,Ofla,5,3.6,1.140175425,3.413405934,2.447022359,0.885807874
2004,Tigray,Kola Temben,0,0,0,4.121547991,2.444244527,0.720952819
2004,Tigray,Naeder Adet,1,5,0,3.885500639,2.445170471,0.775904504
2004,Tigray,Tanku Abergele,5,2,1,3.885500639,2.445170471,0.775904504
2004,Tigray,Raya Azebo,2,2,0,3.413405934,2.447022359,0.885807874
2004,Tigray,Werie Lehe,4,2,0,4.121547991,2.444244527,0.720952819
2005,Amhara,Enbise Sar Midir,3,2,1.732050808,3.21235082,2.083067159,0.57111708
2005,Amhara,Ebenat,1,5,0,3.21235082,2.083067159,0.57111708
2005,Amhara,Shebel Berenta,1,4,0,3.21235082,2.083067159,0.57111708
2005,Amhara,Kemekem,5,3,1.414213562,3.21235082,2.083067159,0.57111708
2005,Amhara,Goncha Siso Enese,0,0,0,3.330375715,2.015262756,0.572249847
2005,Tigray,Adwa,0,0,0,1.42942023,0.642692699,0.403996821
2005,Tigray,Ahferom,0,0,0,1.42942023,0.642692699,0.403996821
2005,Tigray,Alamata,0,0,0,1.42942023,0.642692699,0.403996821
2005,Tigray,Ambalaje,2,3,1.414213562,1.42942023,0.642692699,0.403996821
2005,Tigray,Samre,3,1.333333333,0.577350269,1.42942023,0.642692699,0.403996821
2005,Tigray,Hawzen,0,0,0,1.42942023,0.642692699,0.403996821
2005,Tigray,Endamehoni,0,0,0,1.42942023,0.642692699,0.403996821
2005,Tigray,Ganta Afeshum,0,0,0,1.42942023,0.642692699,0.403996821
2005,Tigray,Wukro,1,3,0,1.42942023,0.642692699,0.403996821
2005,Tigray,Medebay Zana,0,0,0,1.42942023,0.642692699,0.403996821
2005,Tigray,Hintalo Wajerat,1,5,0,1.42942023,0.642692699,0.403996821
2005,Tigray,Ofla,0,0,0,1.42942023,0.642692699,0.403996821
2005,Tigray,Kola Temben,2,3,2.828427125,1.42942023,0.642692699,0.403996821
2005,Tigray,Naeder Adet,0,0,0,1.42942023,0.642692699,0.403996821
2005,Tigray,Tanku Abergele,1,2,0,1.42942023,0.642692699,0.403996821
2005,Tigray,Raya Azebo,0,0,0,1.42942023,0.642692699,0.403996821
2005,Tigray,Werie Lehe,3,2.666666667,2.081665999,1.42942023,0.642692699,0.403996821
2006,Amhara,Enbise Sar Midir,1,5,0,3.402041279,2.130673096,0.590295846
2006,Amhara,Ebenat,5,3.8,1.923538406,3.402041279,2.130673096,0.590295846
2006,Amhara,Shebel Berenta,1,2,0,3.402041279,2.130673096,0.590295846
2006,Amhara,Kemekem,3,3.333333333,2.516611478,3.402041279,2.130673096,0.590295846
2006,Amhara,Goncha Siso Enese,1,2,0,3.402041279,2.130673096,0.590295846
2006,Tigray,Adwa,1,8,0,1.42942023,0.642692699,0.403996821
2006,Tigray,Ahferom,0,0,0,1.42942023,0.642692699,0.403996821
2006,Tigray,Alamata,0,0,0,1.42942023,0.642692699,0.403996821
2006,Tigray,Ambalaje,0,0,0,1.42942023,0.642692699,0.403996821
2006,Tigray,Samre,0,0,0,1.42942023,0.642692699,0.403996821
2006,Tigray,Hawzen,1,2,0,1.42942023,0.642692699,0.403996821
2006,Tigray,Endamehoni,0,0,0,1.42942023,0.642692699,0.403996821
2006,Tigray,Ganta Afeshum,0,0,0,1.42942023,0.642692699,0.403996821
2006,Tigray,Wukro,1,2,0,1.42942023,0.642692699,0.403996821
2006,Tigray,Medebay Zana,1,6,0,1.42942023,0.642692699,0.403996821
2006,Tigray,Hintalo Wajerat,0,0,0,1.42942023,0.642692699,0.403996821
2006,Tigray,Ofla,0,0,0,1.42942023,0.642692699,0.403996821
2006,Tigray,Kola Temben,4,7.25,1.5,1.42942023,0.642692699,0.403996821
2006,Tigray,Naeder Adet,0,0,0,1.42942023,0.642692699,0.403996821
2006,Tigray,Tanku Abergele,2,2.5,0.707106781,1.42942023,0.642692699,0.403996821
2006,Tigray,Raya Azebo,0,0,0,1.42942023,0.642692699,0.403996821
2006,Tigray,Werie Lehe,0,0,0,1.42942023,0.642692699,0.403996821
2007,Amhara,Enbise Sar Midir,1,1,0,2.074208063,1.797431538,0.456044483
2007,Amhara,Ebenat,6,2.833333333,1.471960144,2.074208063,1.797431538,0.456044483
2007,Amhara,Shebel Berenta,0,0,0,2.074208063,1.797431538,0.456044483
2007,Amhara,Kemekem,5,1.8,0.836660027,2.074208063,1.797431538,0.456044483
2007,Amhara,Goncha Siso Enese,1,1,0,2.074208063,1.797431538,0.456044483
2007,Tigray,Adwa,1,3,0,4.065961213,1.721243576,0.860739456
2007,Tigray,Ahferom,1,2,0,4.065961213,1.721243576,0.860739456
2007,Tigray,Alamata,1,3,0,4.065961213,1.721243576,0.860739456
2007,Tigray,Ambalaje,2,4.5,4.949747468,4.065961213,1.721243576,0.860739456
2007,Tigray,Samre,5,3.8,1.303840481,4.065961213,1.721243576,0.860739456
2007,Tigray,Hawzen,2,6.5,2.121320344,4.065961213,1.721243576,0.860739456
2007,Tigray,Endamehoni,0,0,0,4.065961213,1.721243576,0.860739456
2007,Tigray,Ganta Afeshum,2,4.5,0.707106781,4.065961213,1.721243576,0.860739456
2007,Tigray,Wukro,0,0,0,4.065961213,1.721243576,0.860739456
2007,Tigray,Medebay Zana,1,7,0,4.065961213,1.721243576,0.860739456
2007,Tigray,Hintalo Wajerat,0,0,0,4.065961213,1.721243576,0.860739456
2007,Tigray,Ofla,4,6.25,0.5,4.065961213,1.721243576,0.860739456
2007,Tigray,Kola Temben,3,5,3.464101615,4.065961213,1.721243576,0.860739456
2007,Tigray,Naeder Adet,3,5,2.645751311,4.065961213,1.721243576,0.860739456
2007,Tigray,Tanku Abergele,1,8,0,4.065961213,1.721243576,0.860739456
2007,Tigray,Raya Azebo,0,0,0,4.065961213,1.721243576,0.860739456
2007,Tigray,Werie Lehe,3,6.333333333,0.577350269,4.065961213,1.721243576,0.860739456
2008,Amhara,Enbise Sar Midir,0,0,0,3.194034059,4.023517947,1.211868087
2008,Amhara,Ebenat,5,2.8,1.483239697,3.194034059,4.023517947,1.211868087
2008,Amhara,Shebel Berenta,4,3.25,1.258305739,3.194034059,4.023517947,1.211868087
2008,Amhara,Kemekem,9,4.222222222,1.986062548,3.194034059,4.023517947,1.211868087
2008,Amhara,Goncha Siso Enese,0,0,0,3.194034059,4.023517947,1.211868087
2008,Tigray,Adwa,0,0,0,2.927819356,1.539045343,0.549449642
2008,Tigray,Ahferom,1,4,0,2.927819356,1.539045343,0.549449642
2008,Tigray,Alamata,2,3,1.414213562,2.927819356,1.539045343,0.549449642
2008,Tigray,Ambalaje,0,0,0,3.281890384,1.537656427,0.467022114
2008,Tigray,Samre,1,1,0,2.927819356,1.539045343,0.549449642
2008,Tigray,Hawzen,2,3.5,3.535533906,2.927819356,1.539045343,0.549449642
2008,Tigray,Endamehoni,7,3,1.154700538,3.045843032,1.538582371,0.521973799
2008,Tigray,Ganta Afeshum,1,1,0,2.927819356,1.539045343,0.549449642
2008,Tigray,Wukro,0,0,0,2.927819356,1.539045343,0.549449642
2008,Tigray,Medebay Zana,0,0,0,2.927819356,1.539045343,0.549449642
2008,Tigray,Hintalo Wajerat,1,3,0,3.281890384,1.537656427,0.467022114
2008,Tigray,Ofla,2,2.5,2.121320344,2.927819356,1.539045343,0.549449642
2008,Tigray,Kola Temben,1,1,0,2.927819356,1.539045343,0.549449642
2008,Tigray,Naeder Adet,2,6,0,2.927819356,1.539045343,0.549449642
2008,Tigray,Tanku Abergele,5,6.2,1.095445115,2.927819356,1.539045343,0.549449642
2008,Tigray,Raya Azebo,2,4.5,2.121320344,3.281890384,1.537656427,0.467022114
2008,Tigray,Werie Lehe,0,0,0,2.927819356,1.539045343,0.549449642
2009,Amhara,Enbise Sar Midir,1,3,0,3.242969569,3.30510308,1.173803197
2009,Amhara,Ebenat,3,3,2.645751311,4.187168731,2.762667855,1.182865336
2009,Amhara,Shebel Berenta,3,3.666666667,1.154700538,3.242969569,3.30510308,1.173803197
2009,Amhara,Kemekem,7,4.571428571,1.511857892,4.187168731,2.762667855,1.182865336
2009,Amhara,Goncha Siso Enese,0,0,0,3.71506915,3.033885468,1.178334267
2009,Tigray,Adwa,0,0,0,1.42942023,0.642692699,0.403996821
2009,Tigray,Ahferom,0,0,0,1.42942023,0.642692699,0.403996821
2009,Tigray,Alamata,0,0,0,2.255585962,0.639451895,0.211665923
2009,Tigray,Ambalaje,1,3,0,2.255585962,0.639451895,0.211665923
2009,Tigray,Samre,1,7,0,1.901514934,0.640840811,0.294093451
2009,Tigray,Hawzen,0,0,0,1.901514934,0.640840811,0.294093451
2009,Tigray,Endamehoni,0,0,0,2.255585962,0.639451895,0.211665923
2009,Tigray,Ganta Afeshum,0,0,0,1.547443906,0.642229727,0.376520979
2009,Tigray,Wukro,2,4,4.242640687,1.665467582,0.641766755,0.349045136
2009,Tigray,Medebay Zana,3,2.333333333,1.527525232,1.547443906,0.642229727,0.376520979
2009,Tigray,Hintalo Wajerat,0,0,0,1.547443906,0.642229727,0.376520979
2009,Tigray,Ofla,0,0,0,2.373609638,0.638988923,0.184190081
2009,Tigray,Kola Temben,0,0,0,1.665467582,0.641766755,0.349045136
2009,Tigray,Naeder Adet,2,4,4.242640687,1.547443906,0.642229727,0.376520979
2009,Tigray,Tanku Abergele,1,1,0,1.901514934,0.640840811,0.294093451
2009,Tigray,Raya Azebo,0,0,0,2.255585962,0.639451895,0.211665923
2009,Tigray,Werie Lehe,3,5,1.732050808,1.783491258,0.641303783,0.321569294
2010,Amhara,Enbise Sar Midir,1,2,0,2.832969901,1.987855285,0.532759548
2010,Amhara,Ebenat,0,0,0,2.832969901,1.987855285,0.532759548
2010,Amhara,Shebel Berenta,3,2.333333333,0.577350269,2.832969901,1.987855285,0.532759548
2010,Amhara,Kemekem,8,3.625,1.407885953,2.832969901,1.987855285,0.532759548
2010,Amhara,Goncha Siso Enese,1,3,0,2.832969901,1.987855285,0.532759548
2010,Tigray,Adwa,1,3,0,1.42942023,0.642692699,0.403996821
2010,Tigray,Ahferom,0,0,0,1.42942023,0.642692699,0.403996821
2010,Tigray,Alamata,0,0,0,1.42942023,0.642692699,0.403996821
2010,Tigray,Ambalaje,0,0,0,1.42942023,0.642692699,0.403996821
2010,Tigray,Samre,2,2.5,2.121320344,1.42942023,0.642692699,0.403996821
2010,Tigray,Hawzen,1,4,0,1.42942023,0.642692699,0.403996821
2010,Tigray,Endamehoni,0,0,0,1.42942023,0.642692699,0.403996821
2010,Tigray,Ganta Afeshum,0,0,0,1.42942023,0.642692699,0.403996821
2010,Tigray,Wukro,0,0,0,1.42942023,0.642692699,0.403996821
2010,Tigray,Medebay Zana,1,1,0,1.42942023,0.642692699,0.403996821
2010,Tigray,Hintalo Wajerat,1,4,0,1.42942023,0.642692699,0.403996821
2010,Tigray,Ofla,1,2,0,1.42942023,0.642692699,0.403996821
2010,Tigray,Kola Temben,2,6.5,2.121320344,1.42942023,0.642692699,0.403996821
2010,Tigray,Naeder Adet,0,0,0,1.42942023,0.642692699,0.403996821
2010,Tigray,Tanku Abergele,0,0,0,1.42942023,0.642692699,0.403996821
2010,Tigray,Raya Azebo,2,4,1.414213562,1.42942023,0.642692699,0.403996821
2010,Tigray,Werie Lehe,0,0,0,1.42942023,0.642692699,0.403996821
2011,Amhara,Enbise Sar Midir,4,3.25,2.217355783,3.398544188,3.946332701,1.499701856
2011,Amhara,Ebenat,5,4.8,1.923538406,3.398544188,3.946332701,1.499701856
2011,Amhara,Shebel Berenta,2,1.5,0.707106781,3.398544188,3.946332701,1.499701856
2011,Amhara,Kemekem,6,4.333333333,1.751190072,3.398544188,3.946332701,1.499701856
2011,Amhara,Goncha Siso Enese,0,0,0,3.398544188,3.946332701,1.499701856
2011,Tigray,Adwa,0,0,0,2.643283892,1.493495785,0.471627188
2011,Tigray,Ahferom,0,0,0,2.643283892,1.493495785,0.471627188
2011,Tigray,Alamata,1,2,0,2.643283892,1.493495785,0.471627188
2011,Tigray,Ambalaje,0,0,0,2.643283892,1.493495785,0.471627188
2011,Tigray,Samre,1,5,0,2.643283892,1.493495785,0.471627188
2011,Tigray,Hawzen,1,4,0,2.643283892,1.493495785,0.471627188
2011,Tigray,Endamehoni,7,3.714285714,0.755928946,2.643283892,1.493495785,0.471627188
2011,Tigray,Ganta Afeshum,0,0,0,2.643283892,1.493495785,0.471627188
2011,Tigray,Wukro,1,1,0,2.643283892,1.493495785,0.471627188
2011,Tigray,Medebay Zana,1,4,0,2.643283892,1.493495785,0.471627188
2011,Tigray,Hintalo Wajerat,0,0,0,2.643283892,1.493495785,0.471627188
2011,Tigray,Ofla,1,4,0,2.643283892,1.493495785,0.471627188
2011,Tigray,Kola Temben,0,0,0,2.643283892,1.493495785,0.471627188
2011,Tigray,Naeder Adet,3,2.666666667,2.081665999,2.643283892,1.493495785,0.471627188
2011,Tigray,Tanku Abergele,3,4,1.732050808,2.643283892,1.493495785,0.471627188
2011,Tigray,Raya Azebo,2,6.5,0.707106781,2.643283892,1.493495785,0.471627188
2011,Tigray,Werie Lehe,0,0,0,2.643283892,1.493495785,0.471627188
2012,Amhara,Enbise Sar Midir,1,1,0,2.744800053,4.778420736,0.924760344
2012,Amhara,Ebenat,7,2.857142857,2.478478796,2.744800053,4.778420736,0.924760344
2012,Amhara,Shebel Berenta,5,1.8,0.836660027,2.744800053,4.778420736,0.924760344
2012,Amhara,Kemekem,7,3.142857143,2.035400978,2.744800053,4.778420736,0.924760344
2012,Amhara,Goncha Siso Enese,0,0,0,2.744800053,4.778420736,0.924760344
2012,Tigray,Adwa,0,0,0,1.42942023,0.642692699,0.403996821
2012,Tigray,Ahferom,3,1.666666667,1.154700538,1.42942023,0.642692699,0.403996821
2012,Tigray,Alamata,0,0,0,1.42942023,0.642692699,0.403996821
2012,Tigray,Ambalaje,2,3.5,2.121320344,1.42942023,0.642692699,0.403996821
2012,Tigray,Samre,1,5,0,1.42942023,0.642692699,0.403996821
2012,Tigray,Hawzen,0,0,0,1.42942023,0.642692699,0.403996821
2012,Tigray,Endamehoni,0,0,0,1.42942023,0.642692699,0.403996821
2012,Tigray,Ganta Afeshum,0,0,0,1.42942023,0.642692699,0.403996821
2012,Tigray,Wukro,1,2,0,1.42942023,0.642692699,0.403996821
2012,Tigray,Medebay Zana,3,3.333333333,2.516611478,1.42942023,0.642692699,0.403996821
2012,Tigray,Hintalo Wajerat,0,0,0,1.42942023,0.642692699,0.403996821
2012,Tigray,Ofla,0,0,0,1.42942023,0.642692699,0.403996821
2012,Tigray,Kola Temben,0,0,0,1.42942023,0.642692699,0.403996821
2012,Tigray,Naeder Adet,1,6,0,1.42942023,0.642692699,0.403996821
2012,Tigray,Tanku Abergele,0,0,0,1.42942023,0.642692699,0.403996821
2012,Tigray,Raya Azebo,0,0,0,1.42942023,0.642692699,0.403996821
2012,Tigray,Werie Lehe,0,0,0,1.42942023,0.642692699,0.403996821
2013,Amhara,Enbise Sar Midir,1,1,0,3.781422198,2.225884969,0.628653378
2013,Amhara,Ebenat,6,4.166666667,2.483277404,3.781422198,2.225884969,0.628653378
2013,Amhara,Shebel Berenta,1,4,0,3.781422198,2.225884969,0.628653378
2013,Amhara,Kemekem,9,4.555555556,2.87711275,3.781422198,2.225884969,0.628653378
2013,Amhara,Goncha Siso Enese,0,0,0,3.781422198,2.225884969,0.628653378
2013,Tigray,Adwa,1,5,0,1.901514934,0.640840811,0.294093451
2013,Tigray,Ahferom,0,0,0,2.137562286,0.639914867,0.239141766
2013,Tigray,Alamata,2,3,2.828427125,1.42942023,0.642692699,0.403996821
2013,Tigray,Ambalaje,0,0,0,1.547443906,0.642229727,0.376520979
2013,Tigray,Samre,0,0,0,1.783491258,0.641303783,0.321569294
2013,Tigray,Hawzen,1,2,0,2.01953861,0.640377839,0.266617609
2013,Tigray,Endamehoni,0,0,0,1.42942023,0.642692699,0.403996821
2013,Tigray,Ganta Afeshum,0,0,0,2.137562286,0.639914867,0.239141766
2013,Tigray,Wukro,1,9,0,1.901514934,0.640840811,0.294093451
2013,Tigray,Medebay Zana,0,0,0,1.783491258,0.641303783,0.321569294
2013,Tigray,Hintalo Wajerat,1,3,0,1.42942023,0.642692699,0.403996821
2013,Tigray,Ofla,0,0,0,1.42942023,0.642692699,0.403996821
2013,Tigray,Kola Temben,6,3.166666667,2.136976057,1.901514934,0.640840811,0.294093451
2013,Tigray,Naeder Adet,2,3,0,1.42942023,0.642692699,0.403996821
2013,Tigray,Tanku Abergele,1,1,0,1.783491258,0.641303783,0.321569294
2013,Tigray,Raya Azebo,0,0,0,1.42942023,0.642692699,0.403996821
2013,Tigray,Werie Lehe,0,0,0,1.901514934,0.640840811,0.294093451
2014,Amhara,Enbise Sar Midir,12,7.333333333,2.14617348,4.633944288,6.560321792,1.521108946
2014,Amhara,Ebenat,9,4.333333333,2.449489743,4.633944288,6.560321792,1.521108946
2014,Amhara,Shebel Berenta,7,7.714285714,0.755928946,4.751969183,6.492517388,1.522241714
2014,Amhara,Kemekem,7,5,1.632993162,4.633944288,6.560321792,1.521108946
2014,Amhara,Goncha Siso Enese,0,0,0,4.633944288,6.560321792,1.521108946
2014,Tigray,Adwa,1,6,0,3.857147554,2.344298871,0.539257556
2014,Tigray,Ahferom,4,6.5,3.109126351,3.857147554,2.344298871,0.539257556
2014,Tigray,Alamata,0,0,0,3.857147554,2.344298871,0.539257556
2014,Tigray,Ambalaje,0,0,0,3.857147554,2.344298871,0.539257556
2014,Tigray,Samre,0,0,0,3.857147554,2.344298871,0.539257556
2014,Tigray,Hawzen,1,7,0,3.857147554,2.344298871,0.539257556
2014,Tigray,Endamehoni,5,3.6,1.673320053,3.857147554,2.344298871,0.539257556
2014,Tigray,Ganta Afeshum,2,1.5,0.707106781,3.857147554,2.344298871,0.539257556
2014,Tigray,Wukro,0,0,0,3.857147554,2.344298871,0.539257556
2014,Tigray,Medebay Zana,2,5,1.414213562,3.857147554,2.344298871,0.539257556
2014,Tigray,Hintalo Wajerat,2,8,0,3.857147554,2.344298871,0.539257556
2014,Tigray,Ofla,0,0,0,3.857147554,2.344298871,0.539257556
2014,Tigray,Kola Temben,1,4,0,3.857147554,2.344298871,0.539257556
2014,Tigray,Naeder Adet,5,3.2,1.643167673,3.857147554,2.344298871,0.539257556
2014,Tigray,Tanku Abergele,3,6,1.732050808,3.857147554,2.344298871,0.539257556
2014,Tigray,Raya Azebo,3,6.666666667,2.309401077,3.857147554,2.344298871,0.539257556
2014,Tigray,Werie Lehe,3,5.666666667,2.309401077,3.857147554,2.344298871,0.539257556
2015,Amhara,Enbise Sar Midir,12,4.75,2.598076211,5.875731271,7.994488453,1.865857018
2015,Amhara,Ebenat,6,3,1.549193338,5.40363169,8.265706066,1.861325949
2015,Amhara,Shebel Berenta,10,5.7,1.946506843,5.875731271,7.994488453,1.865857018
2015,Amhara,Kemekem,12,4.833333333,2.949062512,4.813507213,8.604728082,1.855662112
2015,Amhara,Goncha Siso Enese,3,6.333333333,2.309401077,5.875731271,7.994488453,1.865857018
2015,Tigray,Adwa,0,0,0,5.191971458,2.580164676,0.91689139
2015,Tigray,Ahferom,3,4.333333333,2.886751346,5.191971458,2.580164676,0.91689139
2015,Tigray,Alamata,3,7,1,5.42801881,2.579238732,0.861939705
2015,Tigray,Ambalaje,2,5,0,5.42801881,2.579238732,0.861939705
2015,Tigray,Samre,8,7.125,1.125991626,5.309995134,2.579701704,0.889415547
2015,Tigray,Hawzen,3,5,1.732050808,5.191971458,2.580164676,0.91689139
2015,Tigray,Endamehoni,2,7,0,5.42801881,2.579238732,0.861939705
2015,Tigray,Ganta Afeshum,0,0,0,5.191971458,2.580164676,0.91689139
2015,Tigray,Wukro,2,8,1.414213562,5.191971458,2.580164676,0.91689139
2015,Tigray,Medebay Zana,0,0,0,4.83790043,2.581553592,0.999318917
2015,Tigray,Hintalo Wajerat,2,6,1.414213562,5.309995134,2.579701704,0.889415547
2015,Tigray,Ofla,5,8,0,5.42801881,2.579238732,0.861939705
2015,Tigray,Kola Temben,2,2.5,0.707106781,4.955924106,2.58109062,0.971843075
2015,Tigray,Naeder Adet,0,0,0,4.83790043,2.581553592,0.999318917
2015,Tigray,Tanku Abergele,8,8.125,0.991031209,5.191971458,2.580164676,0.91689139
2015,Tigray,Raya Azebo,0,0,0,5.42801881,2.579238732,0.861939705
2015,Tigray,Werie Lehe,3,4.666666667,0.577350269,4.955924106,2.58109062,0.971843075
2016,Amhara,Enbise Sar Midir,2,2.5,0.707106781,2.9512179,2.644875029,0.802584337
2016,Amhara,Ebenat,4,1.25,0.5,2.9512179,2.644875029,0.802584337
2016,Amhara,Shebel Berenta,1,4,0,2.9512179,2.644875029,0.802584337
2016,Amhara,Kemekem,5,5.2,3.834057903,2.9512179,2.644875029,0.802584337
2016,Amhara,Goncha Siso Enese,1,2,0,2.9512179,2.644875029,0.802584337
2016,Tigray,Adwa,0,0,0,2.643283892,1.493495785,0.471627188
2016,Tigray,Ahferom,1,1,0,2.643283892,1.493495785,0.471627188
2016,Tigray,Alamata,0,0,0,2.643283892,1.493495785,0.471627188
2016,Tigray,Ambalaje,1,6,0,2.643283892,1.493495785,0.471627188
2016,Tigray,Samre,2,3,2.828427125,2.643283892,1.493495785,0.471627188
2016,Tigray,Hawzen,2,1,0,2.643283892,1.493495785,0.471627188
2016,Tigray,Endamehoni,0,0,0,2.643283892,1.493495785,0.471627188
2016,Tigray,Ganta Afeshum,1,5,0,2.643283892,1.493495785,0.471627188
2016,Tigray,Wukro,1,3,0,2.643283892,1.493495785,0.471627188
2016,Tigray,Medebay Zana,2,7,2.828427125,2.643283892,1.493495785,0.471627188
2016,Tigray,Hintalo Wajerat,1,1,0,2.643283892,1.493495785,0.471627188
2016,Tigray,Ofla,0,0,0,2.643283892,1.493495785,0.471627188
2016,Tigray,Kola Temben,5,3,2.34520788,2.643283892,1.493495785,0.471627188
2016,Tigray,Naeder Adet,2,2.5,2.121320344,2.643283892,1.493495785,0.471627188
2016,Tigray,Tanku Abergele,2,4,0,2.643283892,1.493495785,0.471627188
2016,Tigray,Raya Azebo,0,0,0,2.643283892,1.493495785,0.471627188
2016,Tigray,Werie Lehe,2,2,0,2.643283892,1.493495785,0.471627188
2017,Amhara,Enbise Sar Midir,10,3,2.357022604,3.814837319,4.024617798,1.596238108
2017,Amhara,Ebenat,4,5.25,2.872281323,3.814837319,4.024617798,1.596238108
2017,Amhara,Shebel Berenta,2,4,0,3.814837319,4.024617798,1.596238108
2017,Amhara,Kemekem,8,4,1.8516402,3.814837319,4.024617798,1.596238108
2017,Amhara,Goncha Siso Enese,1,4,0,3.814837319,4.024617798,1.596238108
2017,Tigray,Adwa,1,4,0,2.805875586,1.519524104,0.516097162
2017,Tigray,Ahferom,6,4.333333333,2.732520204,2.805875586,1.519524104,0.516097162
2017,Tigray,Alamata,0,0,0,2.805875586,1.519524104,0.516097162
2017,Tigray,Ambalaje,1,3,0,2.805875586,1.519524104,0.516097162
2017,Tigray,Samre,1,1,0,2.805875586,1.519524104,0.516097162
2017,Tigray,Hawzen,2,4.5,0.707106781,2.805875586,1.519524104,0.516097162
2017,Tigray,Endamehoni,7,2.285714286,1.889822365,2.805875586,1.519524104,0.516097162
2017,Tigray,Ganta Afeshum,1,4,0,2.805875586,1.519524104,0.516097162
2017,Tigray,Wukro,1,6,0,2.805875586,1.519524104,0.516097162
2017,Tigray,Medebay Zana,5,3.6,1.673320053,2.805875586,1.519524104,0.516097162
2017,Tigray,Hintalo Wajerat,0,0,0,2.805875586,1.519524104,0.516097162
2017,Tigray,Ofla,0,0,0,2.805875586,1.519524104,0.516097162
2017,Tigray,Kola Temben,4,1.25,0.5,2.805875586,1.519524104,0.516097162
2017,Tigray,Naeder Adet,0,0,0,2.805875586,1.519524104,0.516097162
2017,Tigray,Tanku Abergele,2,3.5,3.535533906,2.805875586,1.519524104,0.516097162
2017,Tigray,Raya Azebo,3,1.666666667,1.154700538,2.805875586,1.519524104,0.516097162
2017,Tigray,Werie Lehe,0,0,0,2.805875586,1.519524104,0.516097162
2018,Amhara,Enbise Sar Midir,5,2,0.707106781,2.859779089,5.379205971,1.309453432
2018,Amhara,Ebenat,7,3.714285714,2.288688541,2.859779089,5.379205971,1.309453432
2018,Amhara,Shebel Berenta,6,2,1.549193338,2.859779089,5.379205971,1.309453432
2018,Amhara,Kemekem,11,2.909090909,1.578261414,2.859779089,5.379205971,1.309453432
2018,Amhara,Goncha Siso Enese,2,1,0,2.859779089,5.379205971,1.309453432
2018,Tigray,Adwa,1,7,0,2.074212964,1.402396669,0.315982282
2018,Tigray,Ahferom,0,0,0,2.074212964,1.402396669,0.315982282
2018,Tigray,Alamata,0,0,0,2.074212964,1.402396669,0.315982282
2018,Tigray,Ambalaje,0,0,0,2.074212964,1.402396669,0.315982282
2018,Tigray,Samre,0,0,0,2.074212964,1.402396669,0.315982282
2018,Tigray,Hawzen,0,0,0,2.074212964,1.402396669,0.315982282
2018,Tigray,Endamehoni,0,0,0,2.074212964,1.402396669,0.315982282
2018,Tigray,Ganta Afeshum,1,2,0,2.074212964,1.402396669,0.315982282
2018,Tigray,Wukro,1,1,0,2.074212964,1.402396669,0.315982282
2018,Tigray,Medebay Zana,2,5,4.242640687,2.074212964,1.402396669,0.315982282
2018,Tigray,Hintalo Wajerat,1,1,0,2.074212964,1.402396669,0.315982282
2018,Tigray,Ofla,1,1,0,2.074212964,1.402396669,0.315982282
2018,Tigray,Kola Temben,0,0,0,2.074212964,1.402396669,0.315982282
2018,Tigray,Naeder Adet,1,1,0,2.074212964,1.402396669,0.315982282
2018,Tigray,Tanku Abergele,1,1,0,2.074212964,1.402396669,0.315982282
2018,Tigray,Raya Azebo,1,1,0,2.074212964,1.402396669,0.315982282
2018,Tigray,Werie Lehe,1,1,0,2.074212964,1.402396669,0.315982282
