year,District,value
1981,Chibombo,218.086673
1982,Chibombo,248.04668
1983,Chibombo,262.34747
1984,Chibombo,255.385175
1985,Chibombo,263.0642
1986,Chibombo,232.050567
1987,Chibombo,254.548566
1988,Chibombo,275
1989,Chibombo,244.750897
1990,Chibombo,242.27503
1991,Chibombo,245.291498
1992,Chibombo,268.88057
1993,Chibombo,190.156493
1994,Chibombo,225.560616
1995,Chibombo,238.888355
1996,Chibombo,253.651622
1997,Chibombo,244.75529
1998,Chibombo,266.91492
1999,Chibombo,273.53941
2000,Chibombo,275
2001,Chibombo,198.234853
2002,Chibombo,275
2003,Chibombo,234.722494
2004,Chibombo,225.532258
2005,Chibombo,260.46641
2006,Chibombo,247.994031
2007,Chibombo,233.951211
2008,Chibombo,259.68146
2009,Chibombo,255.81375
2010,Chibombo,262.90577
2011,Chibombo,271.51074
2012,Chibombo,228.568696
2013,Chibombo,246.493705
2014,Chibombo,252.104736
2015,Chibombo,266.85573
2016,Chibombo,252.014203
2017,Chibombo,242.43146
2018,Chibombo,226.754426
2019,Chibombo,241.152705
1981,Chisamba,202.199501
1982,Chisamba,230.654592
1983,Chisamba,266.07997
1984,Chisamba,252.695264
1985,Chisamba,266.13448
1986,Chisamba,215.09307
1987,Chisamba,241.694072
1988,Chisamba,275
1989,Chisamba,233.750435
1990,Chisamba,240.43041
1991,Chisamba,250.589718
1992,Chisamba,268.93303
1993,Chisamba,183.801503
1994,Chisamba,224.256718
1995,Chisamba,235.34492
1996,Chisamba,251.051404
1997,Chisamba,239.204847
1998,Chisamba,259.33854
1999,Chisamba,267.45708
2000,Chisamba,275
2001,Chisamba,205.896568
2002,Chisamba,263.96859
2003,Chisamba,219.416568
2004,Chisamba,209.448157
2005,Chisamba,266.69319
2006,Chisamba,234.027155
2007,Chisamba,225.026598
2008,Chisamba,252.86147
2009,Chisamba,259.17174
2010,Chisamba,245.817184
2011,Chisamba,263.69375
2012,Chisamba,238.83206
2013,Chisamba,250.754027
2014,Chisamba,251.560826
2015,Chisamba,271.89159
2016,Chisamba,244.643793
2017,Chisamba,237.649322
2018,Chisamba,219.081036
2019,Chisamba,217.451155
1981,Chitambo,261.73982
1982,Chitambo,263.23507
1983,Chitambo,275
1984,Chitambo,275
1985,Chitambo,271.9622
1986,Chitambo,275
1987,Chitambo,272.17027
1988,Chitambo,275
1989,Chitambo,258.75236
1990,Chitambo,275
1991,Chitambo,269.61608
1992,Chitambo,275
1993,Chitambo,249.116287
1994,Chitambo,265.40144
1995,Chitambo,273.74039
1996,Chitambo,267.65205
1997,Chitambo,269.67537
1998,Chitambo,275
1999,Chitambo,275
2000,Chitambo,275
2001,Chitambo,275
2002,Chitambo,275
2003,Chitambo,266.65212
2004,Chitambo,261.82635
2005,Chitambo,275
2006,Chitambo,275
2007,Chitambo,259.764178
2008,Chitambo,275
2009,Chitambo,275
2010,Chitambo,275
2011,Chitambo,275
2012,Chitambo,264.93719
2013,Chitambo,265.39161
2014,Chitambo,269.02386
2015,Chitambo,275
2016,Chitambo,267.77496
2017,Chitambo,273.83229
2018,Chitambo,265.35308
2019,Chitambo,272.02443
1981,Itezhi-tezhi,192.891667
1982,Itezhi-tezhi,248.51779
1983,Itezhi-tezhi,267.83751
1984,Itezhi-tezhi,256.24757
1985,Itezhi-tezhi,266.40281
1986,Itezhi-tezhi,262.41723
1987,Itezhi-tezhi,250.105534
1988,Itezhi-tezhi,255.49751
1989,Itezhi-tezhi,251.215138
1990,Itezhi-tezhi,241.016214
1991,Itezhi-tezhi,229.0704
1992,Itezhi-tezhi,252.032581
1993,Itezhi-tezhi,215.662941
1994,Itezhi-tezhi,205.913672
1995,Itezhi-tezhi,237.848214
1996,Itezhi-tezhi,252.919976
1997,Itezhi-tezhi,240.957283
1998,Itezhi-tezhi,265.85738
1999,Itezhi-tezhi,268.87769
2000,Itezhi-tezhi,275
2001,Itezhi-tezhi,226.831813
2002,Itezhi-tezhi,269.1528
2003,Itezhi-tezhi,255.492129
2004,Itezhi-tezhi,221.792795
2005,Itezhi-tezhi,269.5342
2006,Itezhi-tezhi,255.194536
2007,Itezhi-tezhi,248.804873
2008,Itezhi-tezhi,254.104223
2009,Itezhi-tezhi,264.83155
2010,Itezhi-tezhi,271.51362
2011,Itezhi-tezhi,263.33891
2012,Itezhi-tezhi,212.531951
2013,Itezhi-tezhi,244.863114
2014,Itezhi-tezhi,249.915569
2015,Itezhi-tezhi,268.66219
2016,Itezhi-tezhi,255.895836
2017,Itezhi-tezhi,254.61363
2018,Itezhi-tezhi,189.597327
2019,Itezhi-tezhi,256.10041
1981,Kabwe,219.389503
1982,Kabwe,260.04078
1983,Kabwe,275
1984,Kabwe,256.257705
1985,Kabwe,262.49819
1986,Kabwe,240.929945
1987,Kabwe,253.46256
1988,Kabwe,275
1989,Kabwe,253.57779
1990,Kabwe,244.323299
1991,Kabwe,254.22726
1992,Kabwe,275
1993,Kabwe,192.536765
1994,Kabwe,236.589213
1995,Kabwe,247.231394
1996,Kabwe,257.11442
1997,Kabwe,245.623936
1998,Kabwe,271.73994
1999,Kabwe,275
2000,Kabwe,275
2001,Kabwe,224.116658
2002,Kabwe,272.96405
2003,Kabwe,230.528365
2004,Kabwe,225.796771
2005,Kabwe,272.05701
2006,Kabwe,238.845657
2007,Kabwe,239.136687
2008,Kabwe,265.23755
2009,Kabwe,270.30874
2010,Kabwe,249.99361
2011,Kabwe,264.99188
2012,Kabwe,244.1934
2013,Kabwe,253.92399
2014,Kabwe,253.401776
2015,Kabwe,272.23942
2016,Kabwe,252.51947
2017,Kabwe,247.89547
2018,Kabwe,239.962904
2019,Kabwe,247.75907
1981,Kapiri Mposhi,222.980328
1982,Kapiri Mposhi,261.60135
1983,Kapiri Mposhi,270.6286
1984,Kapiri Mposhi,260.00734
1985,Kapiri Mposhi,260.9053
1986,Kapiri Mposhi,257.65098
1987,Kapiri Mposhi,254.613677
1988,Kapiri Mposhi,275
1989,Kapiri Mposhi,255.87452
1990,Kapiri Mposhi,254.20296
1991,Kapiri Mposhi,261.41691
1992,Kapiri Mposhi,275
1993,Kapiri Mposhi,206.996404
1994,Kapiri Mposhi,241.487898
1995,Kapiri Mposhi,252.41544
1996,Kapiri Mposhi,260.83694
1997,Kapiri Mposhi,254.62675
1998,Kapiri Mposhi,275
1999,Kapiri Mposhi,275
2000,Kapiri Mposhi,275
2001,Kapiri Mposhi,233.95401
2002,Kapiri Mposhi,275
2003,Kapiri Mposhi,244.38006
2004,Kapiri Mposhi,232.35936
2005,Kapiri Mposhi,275
2006,Kapiri Mposhi,248.007175
2007,Kapiri Mposhi,239.751884
2008,Kapiri Mposhi,267.26143
2009,Kapiri Mposhi,274.52743
2010,Kapiri Mposhi,265.37449
2011,Kapiri Mposhi,266.44769
2012,Kapiri Mposhi,243.728969
2013,Kapiri Mposhi,254.318517
2014,Kapiri Mposhi,254.853159
2015,Kapiri Mposhi,272.65398
2016,Kapiri Mposhi,254.013048
2017,Kapiri Mposhi,263.20106
2018,Kapiri Mposhi,252.233496
2019,Kapiri Mposhi,253.13316
1981,Luano,209.639454
1982,Luano,230.128681
1983,Luano,267.52762
1984,Luano,255.684643
1985,Luano,257.049819
1986,Luano,237.705915
1987,Luano,255.886423
1988,Luano,274.28243
1989,Luano,243.167869
1990,Luano,247.01885
1991,Luano,245.709711
1992,Luano,265.29235
1993,Luano,200.119163
1994,Luano,235.012307
1995,Luano,253.34485
1996,Luano,257.146621
1997,Luano,253.180932
1998,Luano,255.05973
1999,Luano,275
2000,Luano,270.36494
2001,Luano,207.0234
2002,Luano,275
2003,Luano,232.070747
2004,Luano,213.113956
2005,Luano,275
2006,Luano,255.396743
2007,Luano,224.560076
2008,Luano,268.5104
2009,Luano,269.77641
2010,Luano,252.3522
2011,Luano,269.584
2012,Luano,244.043401
2013,Luano,253.083496
2014,Luano,252.715244
2015,Luano,272.75602
2016,Luano,252.949472
2017,Luano,252.15295
2018,Luano,231.710422
2019,Luano,216.85973
1981,Mkushi,222.008054
1982,Mkushi,243.22112
1983,Mkushi,273.47392
1984,Mkushi,263.71317
1985,Mkushi,259.181489
1986,Mkushi,273.05173
1987,Mkushi,257.152171
1988,Mkushi,275
1989,Mkushi,257.79818
1990,Mkushi,266.97487
1991,Mkushi,260.3267
1992,Mkushi,275
1993,Mkushi,223.855025
1994,Mkushi,254.048993
1995,Mkushi,261.67482
1996,Mkushi,267.46305
1997,Mkushi,260.41021
1998,Mkushi,275
1999,Mkushi,275
2000,Mkushi,275
2001,Mkushi,248.94098
2002,Mkushi,275
2003,Mkushi,257.64015
2004,Mkushi,239.876934
2005,Mkushi,275
2006,Mkushi,259.12257
2007,Mkushi,245.239755
2008,Mkushi,273.8368
2009,Mkushi,275
2010,Mkushi,270.71685
2011,Mkushi,271.66283
2012,Mkushi,254.50487
2013,Mkushi,256.031283
2014,Mkushi,259.328514
2015,Mkushi,274.28266
2016,Mkushi,255.782106
2017,Mkushi,274.194
2018,Mkushi,257.644585
2019,Mkushi,258.11047
1981,Mumbwa,224.504723
1982,Mumbwa,252.43541
1983,Mumbwa,268.54272
1984,Mumbwa,259.572433
1985,Mumbwa,263.42903
1986,Mumbwa,265.1703
1987,Mumbwa,261.08713
1988,Mumbwa,271.98225
1989,Mumbwa,263.11035
1990,Mumbwa,244.53885
1991,Mumbwa,257.45045
1992,Mumbwa,261.42136
1993,Mumbwa,222.483192
1994,Mumbwa,223.88287
1995,Mumbwa,246.248774
1996,Mumbwa,254.086167
1997,Mumbwa,258.157414
1998,Mumbwa,275
1999,Mumbwa,275
2000,Mumbwa,275
2001,Mumbwa,227.453721
2002,Mumbwa,270.04661
2003,Mumbwa,257.850044
2004,Mumbwa,243.856075
2005,Mumbwa,271.098
2006,Mumbwa,256.142365
2007,Mumbwa,244.826767
2008,Mumbwa,262.72717
2009,Mumbwa,264.37524
2010,Mumbwa,272.01337
2011,Mumbwa,274.30264
2012,Mumbwa,220.809038
2013,Mumbwa,251.134078
2014,Mumbwa,254.659687
2015,Mumbwa,269.81688
2016,Mumbwa,257.347076
2017,Mumbwa,257.45407
2018,Mumbwa,232.464205
2019,Mumbwa,264.7293
1981,Ngabwe,243.845028
1982,Ngabwe,267.65893
1983,Ngabwe,270.91082
1984,Ngabwe,260.41078
1985,Ngabwe,262.76592
1986,Ngabwe,260.78027
1987,Ngabwe,257.821597
1988,Ngabwe,273.92198
1989,Ngabwe,258.408517
1990,Ngabwe,259.62367
1991,Ngabwe,269.08516
1992,Ngabwe,275
1993,Ngabwe,209.952699
1994,Ngabwe,238.029813
1995,Ngabwe,246.659013
1996,Ngabwe,258.608338
1997,Ngabwe,255.422796
1998,Ngabwe,275
1999,Ngabwe,275
2000,Ngabwe,275
2001,Ngabwe,227.39764
2002,Ngabwe,275
2003,Ngabwe,264.43259
2004,Ngabwe,256.735277
2005,Ngabwe,270.67187
2006,Ngabwe,253.122584
2007,Ngabwe,243.584124
2008,Ngabwe,262.73231
2009,Ngabwe,274.45178
2010,Ngabwe,270.88883
2011,Ngabwe,275
2012,Ngabwe,241.497937
2013,Ngabwe,254.279552
2014,Ngabwe,256.304885
2015,Ngabwe,274.15362
2016,Ngabwe,253.579327
2017,Ngabwe,266.35256
2018,Ngabwe,254.105039
2019,Ngabwe,262.0097
1981,Serenje,239.672975
1982,Serenje,251.87719
1983,Serenje,275
1984,Serenje,267.25133
1985,Serenje,262.20143
1986,Serenje,271.6511
1987,Serenje,262.51807
1988,Serenje,275
1989,Serenje,261.78144
1990,Serenje,273.60781
1991,Serenje,259.6923
1992,Serenje,275
1993,Serenje,226.87094
1994,Serenje,259.89215
1995,Serenje,263.89323
1996,Serenje,268.59396
1997,Serenje,263.2919
1998,Serenje,275
1999,Serenje,275
2000,Serenje,275
2001,Serenje,263.96779
2002,Serenje,275
2003,Serenje,263.79717
2004,Serenje,247.395137
2005,Serenje,275
2006,Serenje,264.66808
2007,Serenje,255.093385
2008,Serenje,274.62006
2009,Serenje,275
2010,Serenje,268.70592
2011,Serenje,275
2012,Serenje,259.342458
2013,Serenje,257.554429
2014,Serenje,261.88072
2015,Serenje,271.71813
2016,Serenje,259.961261
2017,Serenje,270.47534
2018,Serenje,260.7215
2019,Serenje,260.24954
1981,Chililabombwe,260.23735
1982,Chililabombwe,259.02624
1983,Chililabombwe,273.01847
1984,Chililabombwe,275
1985,Chililabombwe,275
1986,Chililabombwe,265.80074
1987,Chililabombwe,268.75514
1988,Chililabombwe,275
1989,Chililabombwe,262.9187
1990,Chililabombwe,275
1991,Chililabombwe,271.89138
1992,Chililabombwe,275
1993,Chililabombwe,263.61637
1994,Chililabombwe,273.2665
1995,Chililabombwe,275
1996,Chililabombwe,270.46685
1997,Chililabombwe,273.74419
1998,Chililabombwe,275
1999,Chililabombwe,275
2000,Chililabombwe,275
2001,Chililabombwe,275
2002,Chililabombwe,275
2003,Chililabombwe,269.4384
2004,Chililabombwe,275
2005,Chililabombwe,275
2006,Chililabombwe,271.17029
2007,Chililabombwe,252.560969
2008,Chililabombwe,266.35554
2009,Chililabombwe,275
2010,Chililabombwe,275
2011,Chililabombwe,275
2012,Chililabombwe,267.33586
2013,Chililabombwe,269.70209
2014,Chililabombwe,275
2015,Chililabombwe,275
2016,Chililabombwe,259.451891
2017,Chililabombwe,275
2018,Chililabombwe,275
2019,Chililabombwe,275
1981,Chingola,261.258
1982,Chingola,261.38403
1983,Chingola,273.9106
1984,Chingola,275
1985,Chingola,275
1986,Chingola,269.07395
1987,Chingola,267.58627
1988,Chingola,275
1989,Chingola,261.93528
1990,Chingola,275
1991,Chingola,275
1992,Chingola,275
1993,Chingola,263.63183
1994,Chingola,270.99282
1995,Chingola,275
1996,Chingola,268.34429
1997,Chingola,271.91457
1998,Chingola,275
1999,Chingola,275
2000,Chingola,275
2001,Chingola,275
2002,Chingola,275
2003,Chingola,266.6964
2004,Chingola,275
2005,Chingola,275
2006,Chingola,273.37454
2007,Chingola,248.770115
2008,Chingola,264.2666
2009,Chingola,275
2010,Chingola,275
2011,Chingola,275
2012,Chingola,266.70043
2013,Chingola,269.75652
2014,Chingola,275
2015,Chingola,275
2016,Chingola,259.579511
2017,Chingola,275
2018,Chingola,275
2019,Chingola,275
1981,Kalulushi,255.16611
1982,Kalulushi,263.11683
1983,Kalulushi,268.03281
1984,Kalulushi,275
1985,Kalulushi,275
1986,Kalulushi,263.01157
1987,Kalulushi,262.69293
1988,Kalulushi,275
1989,Kalulushi,260.99587
1990,Kalulushi,275
1991,Kalulushi,275
1992,Kalulushi,275
1993,Kalulushi,260.5479
1994,Kalulushi,263.78168
1995,Kalulushi,271.66146
1996,Kalulushi,267.55207
1997,Kalulushi,275
1998,Kalulushi,275
1999,Kalulushi,275
2000,Kalulushi,275
2001,Kalulushi,275
2002,Kalulushi,275
2003,Kalulushi,265.5664
2004,Kalulushi,272.97263
2005,Kalulushi,275
2006,Kalulushi,270.55804
2007,Kalulushi,248.980849
2008,Kalulushi,262.25267
2009,Kalulushi,275
2010,Kalulushi,275
2011,Kalulushi,275
2012,Kalulushi,260.90274
2013,Kalulushi,261.40101
2014,Kalulushi,272.63294
2015,Kalulushi,275
2016,Kalulushi,261.82508
2017,Kalulushi,275
2018,Kalulushi,271.99345
2019,Kalulushi,275
1981,Kitwe,259.46311
1982,Kitwe,263.49777
1983,Kitwe,265.01934
1984,Kitwe,275
1985,Kitwe,275
1986,Kitwe,261.10676
1987,Kitwe,265.49648
1988,Kitwe,275
1989,Kitwe,259.383451
1990,Kitwe,275
1991,Kitwe,275
1992,Kitwe,275
1993,Kitwe,252.10148
1994,Kitwe,270.56202
1995,Kitwe,274.17527
1996,Kitwe,267.60363
1997,Kitwe,271.99219
1998,Kitwe,275
1999,Kitwe,275
2000,Kitwe,275
2001,Kitwe,275
2002,Kitwe,275
2003,Kitwe,267.61962
2004,Kitwe,273.78513
2005,Kitwe,275
2006,Kitwe,267.34188
2007,Kitwe,247.237306
2008,Kitwe,260.87539
2009,Kitwe,275
2010,Kitwe,275
2011,Kitwe,275
2012,Kitwe,261.98809
2013,Kitwe,259.643328
2014,Kitwe,271.64711
2015,Kitwe,275
2016,Kitwe,267.57692
2017,Kitwe,275
2018,Kitwe,273.39107
2019,Kitwe,275
1981,Luanshya,253.442935
1982,Luanshya,269.5593
1983,Luanshya,270.43109
1984,Luanshya,273.92009
1985,Luanshya,275
1986,Luanshya,264.79619
1987,Luanshya,264.64756
1988,Luanshya,275
1989,Luanshya,260.93213
1990,Luanshya,275
1991,Luanshya,270.70481
1992,Luanshya,275
1993,Luanshya,243.745859
1994,Luanshya,265.07963
1995,Luanshya,268.82199
1996,Luanshya,266.82334
1997,Luanshya,262.04299
1998,Luanshya,275
1999,Luanshya,275
2000,Luanshya,275
2001,Luanshya,275
2002,Luanshya,275
2003,Luanshya,270.93913
2004,Luanshya,261.9988
2005,Luanshya,275
2006,Luanshya,262.12673
2007,Luanshya,247.256259
2008,Luanshya,263.30394
2009,Luanshya,275
2010,Luanshya,275
2011,Luanshya,275
2012,Luanshya,259.906647
2013,Luanshya,257.010957
2014,Luanshya,261.32246
2015,Luanshya,275
2016,Luanshya,264.96492
2017,Luanshya,275
2018,Luanshya,265.21573
2019,Luanshya,267.74744
1981,Lufwanyama,259.97568
1982,Lufwanyama,265.36219
1983,Lufwanyama,273.30961
1984,Lufwanyama,271.20417
1985,Lufwanyama,275
1986,Lufwanyama,269.81002
1987,Lufwanyama,264.05047
1988,Lufwanyama,275
1989,Lufwanyama,263.86125
1990,Lufwanyama,275
1991,Lufwanyama,275
1992,Lufwanyama,275
1993,Lufwanyama,250.46881
1994,Lufwanyama,258.921426
1995,Lufwanyama,264.24038
1996,Lufwanyama,268.13366
1997,Lufwanyama,273.8687
1998,Lufwanyama,275
1999,Lufwanyama,275
2000,Lufwanyama,275
2001,Lufwanyama,275
2002,Lufwanyama,275
2003,Lufwanyama,267.10006
2004,Lufwanyama,268.67625
2005,Lufwanyama,275
2006,Lufwanyama,269.80286
2007,Lufwanyama,246.681512
2008,Lufwanyama,263.78911
2009,Lufwanyama,275
2010,Lufwanyama,275
2011,Lufwanyama,275
2012,Lufwanyama,263.61665
2013,Lufwanyama,264.42026
2014,Lufwanyama,267.78285
2015,Lufwanyama,275
2016,Lufwanyama,260.18134
2017,Lufwanyama,275
2018,Lufwanyama,270.43299
2019,Lufwanyama,275
1981,Masaiti,241.724222
1982,Masaiti,271.37199
1983,Masaiti,275
1984,Masaiti,270.65893
1985,Masaiti,271.71318
1986,Masaiti,271.47047
1987,Masaiti,261.87662
1988,Masaiti,275
1989,Masaiti,263.43871
1990,Masaiti,275
1991,Masaiti,275
1992,Masaiti,275
1993,Masaiti,237.447537
1994,Masaiti,262.85844
1995,Masaiti,266.41212
1996,Masaiti,270.76463
1997,Masaiti,261.89551
1998,Masaiti,275
1999,Masaiti,275
2000,Masaiti,275
2001,Masaiti,273.89007
2002,Masaiti,275
2003,Masaiti,268.92863
2004,Masaiti,257.55631
2005,Masaiti,275
2006,Masaiti,260.2623
2007,Masaiti,250.890532
2008,Masaiti,267.67782
2009,Masaiti,275
2010,Masaiti,275
2011,Masaiti,275
2012,Masaiti,261.54468
2013,Masaiti,258.358015
2014,Masaiti,262.70435
2015,Masaiti,275
2016,Masaiti,259.457894
2017,Masaiti,275
2018,Masaiti,261.59986
2019,Masaiti,271.76463
1981,Mpongwe,236.630993
1982,Mpongwe,264.26546
1983,Mpongwe,270.22473
1984,Mpongwe,263.00686
1985,Mpongwe,269.73278
1986,Mpongwe,265.44962
1987,Mpongwe,257.769943
1988,Mpongwe,275
1989,Mpongwe,259.211197
1990,Mpongwe,275
1991,Mpongwe,275
1992,Mpongwe,275
1993,Mpongwe,222.70078
1994,Mpongwe,256.978448
1995,Mpongwe,258.249854
1996,Mpongwe,260.4895
1997,Mpongwe,257.919489
1998,Mpongwe,275
1999,Mpongwe,275
2000,Mpongwe,275
2001,Mpongwe,264.38977
2002,Mpongwe,275
2003,Mpongwe,267.62089
2004,Mpongwe,259.685942
2005,Mpongwe,275
2006,Mpongwe,257.180206
2007,Mpongwe,242.569493
2008,Mpongwe,262.96349
2009,Mpongwe,275
2010,Mpongwe,275
2011,Mpongwe,275
2012,Mpongwe,253.658041
2013,Mpongwe,257.378247
2014,Mpongwe,258.216513
2015,Mpongwe,275
2016,Mpongwe,255.426614
2017,Mpongwe,275
2018,Mpongwe,258.29055
2019,Mpongwe,274.8116
1981,Mufulira,263.18508
1982,Mufulira,264.11674
1983,Mufulira,265.6803
1984,Mufulira,275
1985,Mufulira,275
1986,Mufulira,261.49415
1987,Mufulira,263.01748
1988,Mufulira,275
1989,Mufulira,260.36733
1990,Mufulira,275
1991,Mufulira,275
1992,Mufulira,275
1993,Mufulira,266.3667
1994,Mufulira,274.80712
1995,Mufulira,273.94873
1996,Mufulira,275
1997,Mufulira,274.99469
1998,Mufulira,275
1999,Mufulira,275
2000,Mufulira,275
2001,Mufulira,275
2002,Mufulira,275
2003,Mufulira,269.64904
2004,Mufulira,275
2005,Mufulira,275
2006,Mufulira,268.67976
2007,Mufulira,249.920585
2008,Mufulira,264.74647
2009,Mufulira,275
2010,Mufulira,275
2011,Mufulira,275
2012,Mufulira,262.41249
2013,Mufulira,266.71346
2014,Mufulira,274.87893
2015,Mufulira,275
2016,Mufulira,261.80769
2017,Mufulira,275
2018,Mufulira,275
2019,Mufulira,275
1981,Ndola,250.613878
1982,Ndola,269.53589
1983,Ndola,274.52657
1984,Ndola,275
1985,Ndola,275
1986,Ndola,265.92797
1987,Ndola,266.15189
1988,Ndola,275
1989,Ndola,256.57548
1990,Ndola,275
1991,Ndola,275
1992,Ndola,275
1993,Ndola,245.014917
1994,Ndola,267.98884
1995,Ndola,271.17067
1996,Ndola,269.44266
1997,Ndola,269.89318
1998,Ndola,275
1999,Ndola,275
2000,Ndola,275
2001,Ndola,275
2002,Ndola,275
2003,Ndola,273.07026
2004,Ndola,259.86075
2005,Ndola,275
2006,Ndola,265.6053
2007,Ndola,247.476571
2008,Ndola,265.69002
2009,Ndola,275
2010,Ndola,275
2011,Ndola,275
2012,Ndola,260.71542
2013,Ndola,259.153314
2014,Ndola,263.42041
2015,Ndola,275
2016,Ndola,266.4191
2017,Ndola,275
2018,Ndola,271.20765
2019,Ndola,269.68483
1981,Chadiza,242.63895
1982,Chadiza,254.97484
1983,Chadiza,266.50451
1984,Chadiza,270.06326
1985,Chadiza,262.44939
1986,Chadiza,255.95223
1987,Chadiza,270.87447
1988,Chadiza,275
1989,Chadiza,244.905517
1990,Chadiza,275
1991,Chadiza,253.61585
1992,Chadiza,260.43282
1993,Chadiza,224.481041
1994,Chadiza,262.30273
1995,Chadiza,252.857018
1996,Chadiza,268.04968
1997,Chadiza,269.46246
1998,Chadiza,267.22392
1999,Chadiza,275
2000,Chadiza,275
2001,Chadiza,274.56953
2002,Chadiza,275
2003,Chadiza,242.93663
2004,Chadiza,201.388215
2005,Chadiza,267.00444
2006,Chadiza,265.76601
2007,Chadiza,248.002739
2008,Chadiza,275
2009,Chadiza,275
2010,Chadiza,264.38044
2011,Chadiza,269.76343
2012,Chadiza,258.99418
2013,Chadiza,261.16211
2014,Chadiza,254.63834
2015,Chadiza,274.87846
2016,Chadiza,260.08453
2017,Chadiza,275
2018,Chadiza,248.696542
2019,Chadiza,227.363613
1981,Chasefu,271.04944
1982,Chasefu,259.28114
1983,Chasefu,275
1984,Chasefu,275
1985,Chasefu,275
1986,Chasefu,275
1987,Chasefu,275
1988,Chasefu,268.98789
1989,Chasefu,258.640309
1990,Chasefu,267.29226
1991,Chasefu,275
1992,Chasefu,275
1993,Chasefu,269.77585
1994,Chasefu,275
1995,Chasefu,275
1996,Chasefu,261.66552
1997,Chasefu,275
1998,Chasefu,266.34749
1999,Chasefu,273.33231
2000,Chasefu,275
2001,Chasefu,264.50761
2002,Chasefu,275
2003,Chasefu,267.21744
2004,Chasefu,254.60745
2005,Chasefu,275
2006,Chasefu,270.0842
2007,Chasefu,265.7003
2008,Chasefu,275
2009,Chasefu,275
2010,Chasefu,275
2011,Chasefu,275
2012,Chasefu,275
2013,Chasefu,275
2014,Chasefu,261.37831
2015,Chasefu,275
2016,Chasefu,270.41039
2017,Chasefu,275
2018,Chasefu,275
2019,Chasefu,275
1981,Chipangali,267.74885
1982,Chipangali,254.715414
1983,Chipangali,272.23324
1984,Chipangali,275
1985,Chipangali,273.73454
1986,Chipangali,274.46645
1987,Chipangali,265.56891
1988,Chipangali,275
1989,Chipangali,254.158973
1990,Chipangali,270.4146
1991,Chipangali,258.777505
1992,Chipangali,275
1993,Chipangali,233.118724
1994,Chipangali,274.75512
1995,Chipangali,258.293309
1996,Chipangali,264.71288
1997,Chipangali,275
1998,Chipangali,275
1999,Chipangali,273.84325
2000,Chipangali,275
2001,Chipangali,275
2002,Chipangali,275
2003,Chipangali,257.076977
2004,Chipangali,234.613625
2005,Chipangali,261.51961
2006,Chipangali,272.28057
2007,Chipangali,255.192548
2008,Chipangali,275
2009,Chipangali,275
2010,Chipangali,275
2011,Chipangali,275
2012,Chipangali,268.19653
2013,Chipangali,261.27923
2014,Chipangali,264.93781
2015,Chipangali,275
2016,Chipangali,259.76213
2017,Chipangali,275
2018,Chipangali,273.93719
2019,Chipangali,260.08339
1981,Chipata,261.5689
1982,Chipata,255.4061
1983,Chipata,267.66092
1984,Chipata,272.28409
1985,Chipata,271.84113
1986,Chipata,271.31941
1987,Chipata,269.90313
1988,Chipata,275
1989,Chipata,253.640237
1990,Chipata,275
1991,Chipata,255.628931
1992,Chipata,275
1993,Chipata,233.915645
1994,Chipata,266.73519
1995,Chipata,254.648303
1996,Chipata,267.0608
1997,Chipata,273.91794
1998,Chipata,275
1999,Chipata,272.91858
2000,Chipata,275
2001,Chipata,274.20367
2002,Chipata,275
2003,Chipata,259.204512
2004,Chipata,225.12043
2005,Chipata,260.04085
2006,Chipata,271.01613
2007,Chipata,250.259783
2008,Chipata,275
2009,Chipata,275
2010,Chipata,273.54763
2011,Chipata,269.71112
2012,Chipata,262.10973
2013,Chipata,263.32923
2014,Chipata,261.89409
2015,Chipata,275
2016,Chipata,259.087958
2017,Chipata,275
2018,Chipata,259.776658
2019,Chipata,254.50977
1981,Kasenengwa,249.18843
1982,Kasenengwa,248.307261
1983,Kasenengwa,264.24751
1984,Kasenengwa,271.82155
1985,Kasenengwa,267.8142
1986,Kasenengwa,267.5308
1987,Kasenengwa,271.12926
1988,Kasenengwa,275
1989,Kasenengwa,255.226864
1990,Kasenengwa,275
1991,Kasenengwa,254.598134
1992,Kasenengwa,275
1993,Kasenengwa,225.701099
1994,Kasenengwa,267.74038
1995,Kasenengwa,255.391763
1996,Kasenengwa,270.25202
1997,Kasenengwa,272.14178
1998,Kasenengwa,275
1999,Kasenengwa,272.36436
2000,Kasenengwa,275
2001,Kasenengwa,271.12217
2002,Kasenengwa,275
2003,Kasenengwa,256.759297
2004,Kasenengwa,224.767087
2005,Kasenengwa,269.98936
2006,Kasenengwa,269.46412
2007,Kasenengwa,254.375055
2008,Kasenengwa,275
2009,Kasenengwa,275
2010,Kasenengwa,271.42099
2011,Kasenengwa,270.92139
2012,Kasenengwa,257.37403
2013,Kasenengwa,261.7761
2014,Kasenengwa,262.26093
2015,Kasenengwa,275
2016,Kasenengwa,260.08706
2017,Kasenengwa,275
2018,Kasenengwa,258.395725
2019,Kasenengwa,259.70063
1981,Katete,236.455607
1982,Katete,249.458153
1983,Katete,266.71282
1984,Katete,271.24279
1985,Katete,260.87771
1986,Katete,254.66811
1987,Katete,265.82947
1988,Katete,275
1989,Katete,252.719137
1990,Katete,275
1991,Katete,257.018212
1992,Katete,255.3765
1993,Katete,220.686747
1994,Katete,257.74882
1995,Katete,254.003628
1996,Katete,261.58049
1997,Katete,262.9111
1998,Katete,266.64352
1999,Katete,275
2000,Katete,275
2001,Katete,270.55303
2002,Katete,275
2003,Katete,247.227328
2004,Katete,207.51907
2005,Katete,270.9693
2006,Katete,266.36862
2007,Katete,253.090785
2008,Katete,273.51374
2009,Katete,275
2010,Katete,263.04526
2011,Katete,270.02647
2012,Katete,254.9489
2013,Katete,258.182934
2014,Katete,253.86147
2015,Katete,275
2016,Katete,256.493414
2017,Katete,275
2018,Katete,241.281582
2019,Katete,235.862605
1981,Lumezi,270.68601
1982,Lumezi,252.1812
1983,Lumezi,270.75305
1984,Lumezi,275
1985,Lumezi,274.45963
1986,Lumezi,275
1987,Lumezi,273.26986
1988,Lumezi,275
1989,Lumezi,252.541997
1990,Lumezi,269.83126
1991,Lumezi,262.1927
1992,Lumezi,275
1993,Lumezi,254.6348
1994,Lumezi,273.17044
1995,Lumezi,269.59633
1996,Lumezi,273.65909
1997,Lumezi,275
1998,Lumezi,272.22008
1999,Lumezi,275
2000,Lumezi,275
2001,Lumezi,275
2002,Lumezi,275
2003,Lumezi,261.36121
2004,Lumezi,249.11988
2005,Lumezi,275
2006,Lumezi,274.18175
2007,Lumezi,257.720692
2008,Lumezi,275
2009,Lumezi,275
2010,Lumezi,275
2011,Lumezi,275
2012,Lumezi,275
2013,Lumezi,266.88374
2014,Lumezi,267.45229
2015,Lumezi,275
2016,Lumezi,263.48421
2017,Lumezi,275
2018,Lumezi,275
2019,Lumezi,266.9726
1981,Lundazi,272.99722
1982,Lundazi,242.082101
1983,Lundazi,270.13854
1984,Lundazi,275
1985,Lundazi,275
1986,Lundazi,275
1987,Lundazi,275
1988,Lundazi,262.88693
1989,Lundazi,241.398932
1990,Lundazi,269.04292
1991,Lundazi,268.6147
1992,Lundazi,275
1993,Lundazi,263.03404
1994,Lundazi,267.02311
1995,Lundazi,275
1996,Lundazi,266.02557
1997,Lundazi,270.81087
1998,Lundazi,262.83802
1999,Lundazi,275
2000,Lundazi,275
2001,Lundazi,268.0771
2002,Lundazi,275
2003,Lundazi,257.652667
2004,Lundazi,255.26688
2005,Lundazi,275
2006,Lundazi,262.29729
2007,Lundazi,256.915495
2008,Lundazi,275
2009,Lundazi,271.16799
2010,Lundazi,273.62675
2011,Lundazi,275
2012,Lundazi,275
2013,Lundazi,272.54679
2014,Lundazi,259.25713
2015,Lundazi,275
2016,Lundazi,259.82858
2017,Lundazi,275
2018,Lundazi,275
2019,Lundazi,274.70363
1981,Mambwe,257.44078
1982,Mambwe,250.755798
1983,Mambwe,272.15613
1984,Mambwe,275
1985,Mambwe,266.75414
1986,Mambwe,271.2073
1987,Mambwe,273.33144
1988,Mambwe,275
1989,Mambwe,254.941912
1990,Mambwe,275
1991,Mambwe,245.930296
1992,Mambwe,275
1993,Mambwe,230.891344
1994,Mambwe,263.91438
1995,Mambwe,262.95639
1996,Mambwe,263.06469
1997,Mambwe,275
1998,Mambwe,271.48388
1999,Mambwe,273.66269
2000,Mambwe,275
2001,Mambwe,271.52828
2002,Mambwe,275
2003,Mambwe,260.59532
2004,Mambwe,233.326412
2005,Mambwe,271.93479
2006,Mambwe,272.16508
2007,Mambwe,255.232003
2008,Mambwe,275
2009,Mambwe,275
2010,Mambwe,275
2011,Mambwe,275
2012,Mambwe,262.91516
2013,Mambwe,260.25694
2014,Mambwe,262.37603
2015,Mambwe,274.23938
2016,Mambwe,263.46838
2017,Mambwe,274.59458
2018,Mambwe,262.15373
2019,Mambwe,259.52302
1981,Nyimba,219.656137
1982,Nyimba,240.391726
1983,Nyimba,275
1984,Nyimba,255.766316
1985,Nyimba,259.292336
1986,Nyimba,242.122903
1987,Nyimba,260.22456
1988,Nyimba,275
1989,Nyimba,254.93867
1990,Nyimba,272.55258
1991,Nyimba,235.72107
1992,Nyimba,269.86161
1993,Nyimba,204.571095
1994,Nyimba,252.763827
1995,Nyimba,253.212176
1996,Nyimba,259.5787
1997,Nyimba,249.13197
1998,Nyimba,264.38877
1999,Nyimba,275
2000,Nyimba,275
2001,Nyimba,232.259826
2002,Nyimba,274.54268
2003,Nyimba,245.870484
2004,Nyimba,213.402456
2005,Nyimba,272.60009
2006,Nyimba,257.586423
2007,Nyimba,240.920335
2008,Nyimba,271.78235
2009,Nyimba,275
2010,Nyimba,250.81759
2011,Nyimba,269.56564
2012,Nyimba,245.001121
2013,Nyimba,255.91459
2014,Nyimba,254.268098
2015,Nyimba,266.98842
2016,Nyimba,255.19414
2017,Nyimba,265.6312
2018,Nyimba,241.694409
2019,Nyimba,231.369809
1981,Petauke,231.238784
1982,Petauke,244.712791
1983,Petauke,272.9488
1984,Petauke,266.66026
1985,Petauke,262.09574
1986,Petauke,261.90126
1987,Petauke,264.06047
1988,Petauke,275
1989,Petauke,257.905158
1990,Petauke,270.05105
1991,Petauke,249.586633
1992,Petauke,275
1993,Petauke,214.691305
1994,Petauke,260.76423
1995,Petauke,256.373093
1996,Petauke,256.33054
1997,Petauke,261.57022
1998,Petauke,274.48266
1999,Petauke,275
2000,Petauke,275
2001,Petauke,255.35036
2002,Petauke,275
2003,Petauke,255.55508
2004,Petauke,220.133518
2005,Petauke,273.35592
2006,Petauke,264.15487
2007,Petauke,247.786322
2008,Petauke,274.33249
2009,Petauke,275
2010,Petauke,264.36954
2011,Petauke,270.34063
2012,Petauke,250.475211
2013,Petauke,256.930351
2014,Petauke,253.3973
2015,Petauke,273.11664
2016,Petauke,257.774342
2017,Petauke,268.42723
2018,Petauke,253.70079
2019,Petauke,239.88275
1981,Sinda,233.53595
1982,Sinda,242.431285
1983,Sinda,270.27493
1984,Sinda,267.57595
1985,Sinda,261.13121
1986,Sinda,259.44116
1987,Sinda,264.95078
1988,Sinda,275
1989,Sinda,256.868194
1990,Sinda,269.14124
1991,Sinda,253.729897
1992,Sinda,261.15993
1993,Sinda,217.341012
1994,Sinda,259.216328
1995,Sinda,255.330479
1996,Sinda,258.39544
1997,Sinda,259.28555
1998,Sinda,270.43147
1999,Sinda,275
2000,Sinda,275
2001,Sinda,256.25054
2002,Sinda,275
2003,Sinda,249.426993
2004,Sinda,215.826801
2005,Sinda,271.44956
2006,Sinda,264.02508
2007,Sinda,248.013548
2008,Sinda,272.22109
2009,Sinda,272.6617
2010,Sinda,263.16005
2011,Sinda,266.65233
2012,Sinda,256.800045
2013,Sinda,257.344596
2014,Sinda,256.82378
2015,Sinda,275
2016,Sinda,256.285636
2017,Sinda,266.06413
2018,Sinda,248.264755
2019,Sinda,232.505865
1981,Vubwi,263.97819
1982,Vubwi,253.600395
1983,Vubwi,274.92141
1984,Vubwi,271.56913
1985,Vubwi,273.19403
1986,Vubwi,264.87668
1987,Vubwi,274.73987
1988,Vubwi,275
1989,Vubwi,253.142716
1990,Vubwi,275
1991,Vubwi,257.40879
1992,Vubwi,275
1993,Vubwi,231.825259
1994,Vubwi,260.3369
1995,Vubwi,256.564502
1996,Vubwi,268.17386
1997,Vubwi,275
1998,Vubwi,275
1999,Vubwi,275
2000,Vubwi,275
2001,Vubwi,275
2002,Vubwi,275
2003,Vubwi,261.0916
2004,Vubwi,225.086484
2005,Vubwi,262.48559
2006,Vubwi,269.93338
2007,Vubwi,253.13793
2008,Vubwi,275
2009,Vubwi,275
2010,Vubwi,272.0089
2011,Vubwi,275
2012,Vubwi,264.67819
2013,Vubwi,266.95373
2014,Vubwi,268.157
2015,Vubwi,275
2016,Vubwi,261.98595
2017,Vubwi,275
2018,Vubwi,261.81998
2019,Vubwi,245.61519
1981,Chembe,266.99533
1982,Chembe,267.69985
1983,Chembe,275
1984,Chembe,275
1985,Chembe,275
1986,Chembe,275
1987,Chembe,268.40591
1988,Chembe,275
1989,Chembe,268.0247
1990,Chembe,275
1991,Chembe,275
1992,Chembe,275
1993,Chembe,270.8002
1994,Chembe,274.44045
1995,Chembe,275
1996,Chembe,275
1997,Chembe,275
1998,Chembe,275
1999,Chembe,275
2000,Chembe,275
2001,Chembe,275
2002,Chembe,275
2003,Chembe,275
2004,Chembe,275
2005,Chembe,275
2006,Chembe,271.37024
2007,Chembe,263.9382
2008,Chembe,275
2009,Chembe,275
2010,Chembe,275
2011,Chembe,275
2012,Chembe,275
2013,Chembe,275
2014,Chembe,266.65229
2015,Chembe,275
2016,Chembe,272.53787
2017,Chembe,275
2018,Chembe,275
2019,Chembe,275
1981,Chiengi,275
1982,Chiengi,275
1983,Chiengi,275
1984,Chiengi,275
1985,Chiengi,275
1986,Chiengi,273.86316
1987,Chiengi,275
1988,Chiengi,256.470424
1989,Chiengi,275
1990,Chiengi,275
1991,Chiengi,275
1992,Chiengi,275
1993,Chiengi,275
1994,Chiengi,275
1995,Chiengi,275
1996,Chiengi,275
1997,Chiengi,275
1998,Chiengi,266.59219
1999,Chiengi,275
2000,Chiengi,275
2001,Chiengi,275
2002,Chiengi,256.611351
2003,Chiengi,275
2004,Chiengi,275
2005,Chiengi,275
2006,Chiengi,266.75359
2007,Chiengi,275
2008,Chiengi,275
2009,Chiengi,275
2010,Chiengi,275
2011,Chiengi,275
2012,Chiengi,275
2013,Chiengi,275
2014,Chiengi,271.49087
2015,Chiengi,275
2016,Chiengi,275
2017,Chiengi,275
2018,Chiengi,275
2019,Chiengi,275
1981,Chifunabuli,263.24625
1982,Chifunabuli,271.98508
1983,Chifunabuli,275
1984,Chifunabuli,275
1985,Chifunabuli,275
1986,Chifunabuli,275
1987,Chifunabuli,275
1988,Chifunabuli,275
1989,Chifunabuli,275
1990,Chifunabuli,275
1991,Chifunabuli,273.16803
1992,Chifunabuli,275
1993,Chifunabuli,275
1994,Chifunabuli,275
1995,Chifunabuli,275
1996,Chifunabuli,275
1997,Chifunabuli,275
1998,Chifunabuli,275
1999,Chifunabuli,275
2000,Chifunabuli,275
2001,Chifunabuli,275
2002,Chifunabuli,275
2003,Chifunabuli,275
2004,Chifunabuli,275
2005,Chifunabuli,275
2006,Chifunabuli,275
2007,Chifunabuli,275
2008,Chifunabuli,275
2009,Chifunabuli,275
2010,Chifunabuli,275
2011,Chifunabuli,275
2012,Chifunabuli,275
2013,Chifunabuli,275
2014,Chifunabuli,275
2015,Chifunabuli,275
2016,Chifunabuli,275
2017,Chifunabuli,275
2018,Chifunabuli,275
2019,Chifunabuli,275
1981,Chipili,274.33218
1982,Chipili,270.02406
1983,Chipili,275
1984,Chipili,275
1985,Chipili,275
1986,Chipili,275
1987,Chipili,275
1988,Chipili,275
1989,Chipili,275
1990,Chipili,275
1991,Chipili,275
1992,Chipili,275
1993,Chipili,275
1994,Chipili,275
1995,Chipili,275
1996,Chipili,275
1997,Chipili,275
1998,Chipili,275
1999,Chipili,275
2000,Chipili,275
2001,Chipili,275
2002,Chipili,271.97423
2003,Chipili,275
2004,Chipili,275
2005,Chipili,275
2006,Chipili,275
2007,Chipili,275
2008,Chipili,275
2009,Chipili,275
2010,Chipili,275
2011,Chipili,275
2012,Chipili,275
2013,Chipili,275
2014,Chipili,275
2015,Chipili,275
2016,Chipili,275
2017,Chipili,275
2018,Chipili,275
2019,Chipili,275
1981,Kawambwa,275
1982,Kawambwa,275
1983,Kawambwa,275
1984,Kawambwa,275
1985,Kawambwa,275
1986,Kawambwa,275
1987,Kawambwa,275
1988,Kawambwa,268.26622
1989,Kawambwa,275
1990,Kawambwa,275
1991,Kawambwa,275
1992,Kawambwa,275
1993,Kawambwa,275
1994,Kawambwa,275
1995,Kawambwa,275
1996,Kawambwa,275
1997,Kawambwa,275
1998,Kawambwa,275
1999,Kawambwa,275
2000,Kawambwa,275
2001,Kawambwa,275
2002,Kawambwa,264.62399
2003,Kawambwa,275
2004,Kawambwa,275
2005,Kawambwa,275
2006,Kawambwa,275
2007,Kawambwa,275
2008,Kawambwa,275
2009,Kawambwa,275
2010,Kawambwa,275
2011,Kawambwa,275
2012,Kawambwa,275
2013,Kawambwa,275
2014,Kawambwa,275
2015,Kawambwa,275
2016,Kawambwa,275
2017,Kawambwa,275
2018,Kawambwa,275
2019,Kawambwa,275
1981,Lunga,261.78061
1982,Lunga,259.95104
1983,Lunga,275
1984,Lunga,275
1985,Lunga,275
1986,Lunga,275
1987,Lunga,275
1988,Lunga,275
1989,Lunga,261.86034
1990,Lunga,275
1991,Lunga,274.76888
1992,Lunga,275
1993,Lunga,275
1994,Lunga,275
1995,Lunga,275
1996,Lunga,275
1997,Lunga,275
1998,Lunga,275
1999,Lunga,275
2000,Lunga,275
2001,Lunga,275
2002,Lunga,275
2003,Lunga,275
2004,Lunga,275
2005,Lunga,275
2006,Lunga,275
2007,Lunga,275
2008,Lunga,275
2009,Lunga,275
2010,Lunga,275
2011,Lunga,275
2012,Lunga,275
2013,Lunga,275
2014,Lunga,275
2015,Lunga,275
2016,Lunga,275
2017,Lunga,275
2018,Lunga,275
2019,Lunga,275
1981,Mansa,266.96618
1982,Mansa,267.69004
1983,Mansa,275
1984,Mansa,275
1985,Mansa,275
1986,Mansa,275
1987,Mansa,275
1988,Mansa,275
1989,Mansa,263.67284
1990,Mansa,275
1991,Mansa,275
1992,Mansa,275
1993,Mansa,275
1994,Mansa,275
1995,Mansa,275
1996,Mansa,275
1997,Mansa,275
1998,Mansa,275
1999,Mansa,275
2000,Mansa,275
2001,Mansa,275
2002,Mansa,275
2003,Mansa,275
2004,Mansa,275
2005,Mansa,275
2006,Mansa,274.82108
2007,Mansa,271.45767
2008,Mansa,275
2009,Mansa,275
2010,Mansa,275
2011,Mansa,275
2012,Mansa,275
2013,Mansa,275
2014,Mansa,263.93087
2015,Mansa,275
2016,Mansa,275
2017,Mansa,275
2018,Mansa,275
2019,Mansa,275
1981,Milengi,262.20879
1982,Milengi,268.47738
1983,Milengi,275
1984,Milengi,275
1985,Milengi,275
1986,Milengi,275
1987,Milengi,266.48874
1988,Milengi,275
1989,Milengi,265.10517
1990,Milengi,275
1991,Milengi,275
1992,Milengi,275
1993,Milengi,275
1994,Milengi,275
1995,Milengi,275
1996,Milengi,275
1997,Milengi,268.82101
1998,Milengi,275
1999,Milengi,275
2000,Milengi,275
2001,Milengi,275
2002,Milengi,275
2003,Milengi,275
2004,Milengi,275
2005,Milengi,275
2006,Milengi,275
2007,Milengi,269.87711
2008,Milengi,275
2009,Milengi,275
2010,Milengi,275
2011,Milengi,275
2012,Milengi,275
2013,Milengi,275
2014,Milengi,271.43368
2015,Milengi,275
2016,Milengi,274.37046
2017,Milengi,275
2018,Milengi,275
2019,Milengi,275
1981,Mwansabombwe,275
1982,Mwansabombwe,275
1983,Mwansabombwe,275
1984,Mwansabombwe,275
1985,Mwansabombwe,275
1986,Mwansabombwe,273.1159
1987,Mwansabombwe,275
1988,Mwansabombwe,270.8674
1989,Mwansabombwe,275
1990,Mwansabombwe,275
1991,Mwansabombwe,275
1992,Mwansabombwe,275
1993,Mwansabombwe,275
1994,Mwansabombwe,275
1995,Mwansabombwe,275
1996,Mwansabombwe,275
1997,Mwansabombwe,275
1998,Mwansabombwe,275
1999,Mwansabombwe,275
2000,Mwansabombwe,275
2001,Mwansabombwe,275
2002,Mwansabombwe,265.35778
2003,Mwansabombwe,275
2004,Mwansabombwe,275
2005,Mwansabombwe,275
2006,Mwansabombwe,275
2007,Mwansabombwe,275
2008,Mwansabombwe,275
2009,Mwansabombwe,275
2010,Mwansabombwe,275
2011,Mwansabombwe,275
2012,Mwansabombwe,275
2013,Mwansabombwe,275
2014,Mwansabombwe,275
2015,Mwansabombwe,275
2016,Mwansabombwe,275
2017,Mwansabombwe,275
2018,Mwansabombwe,275
2019,Mwansabombwe,275
1981,Mwense,272.88552
1982,Mwense,267.39659
1983,Mwense,275
1984,Mwense,275
1985,Mwense,275
1986,Mwense,275
1987,Mwense,275
1988,Mwense,275
1989,Mwense,275
1990,Mwense,275
1991,Mwense,275
1992,Mwense,275
1993,Mwense,275
1994,Mwense,275
1995,Mwense,275
1996,Mwense,275
1997,Mwense,275
1998,Mwense,275
1999,Mwense,275
2000,Mwense,275
2001,Mwense,275
2002,Mwense,272.32781
2003,Mwense,275
2004,Mwense,275
2005,Mwense,275
2006,Mwense,275
2007,Mwense,275
2008,Mwense,275
2009,Mwense,275
2010,Mwense,275
2011,Mwense,275
2012,Mwense,275
2013,Mwense,275
2014,Mwense,275
2015,Mwense,275
2016,Mwense,275
2017,Mwense,275
2018,Mwense,275
2019,Mwense,275
1981,Nchelenge,275
1982,Nchelenge,275
1983,Nchelenge,275
1984,Nchelenge,275
1985,Nchelenge,275
1986,Nchelenge,275
1987,Nchelenge,275
1988,Nchelenge,261.60586
1989,Nchelenge,275
1990,Nchelenge,275
1991,Nchelenge,275
1992,Nchelenge,275
1993,Nchelenge,275
1994,Nchelenge,275
1995,Nchelenge,275
1996,Nchelenge,275
1997,Nchelenge,275
1998,Nchelenge,272.25722
1999,Nchelenge,275
2000,Nchelenge,275
2001,Nchelenge,275
2002,Nchelenge,258.16761
2003,Nchelenge,275
2004,Nchelenge,275
2005,Nchelenge,275
2006,Nchelenge,275
2007,Nchelenge,275
2008,Nchelenge,275
2009,Nchelenge,275
2010,Nchelenge,275
2011,Nchelenge,275
2012,Nchelenge,275
2013,Nchelenge,275
2014,Nchelenge,275
2015,Nchelenge,275
2016,Nchelenge,275
2017,Nchelenge,275
2018,Nchelenge,275
2019,Nchelenge,275
1981,Samfya,261.0238
1982,Samfya,264.70743
1983,Samfya,275
1984,Samfya,275
1985,Samfya,275
1986,Samfya,275
1987,Samfya,275
1988,Samfya,275
1989,Samfya,265.26911
1990,Samfya,275
1991,Samfya,274.56009
1992,Samfya,275
1993,Samfya,275
1994,Samfya,275
1995,Samfya,275
1996,Samfya,275
1997,Samfya,275
1998,Samfya,275
1999,Samfya,275
2000,Samfya,275
2001,Samfya,275
2002,Samfya,275
2003,Samfya,275
2004,Samfya,275
2005,Samfya,275
2006,Samfya,275
2007,Samfya,275
2008,Samfya,275
2009,Samfya,275
2010,Samfya,275
2011,Samfya,275
2012,Samfya,275
2013,Samfya,275
2014,Samfya,273.33219
2015,Samfya,275
2016,Samfya,275
2017,Samfya,275
2018,Samfya,275
2019,Samfya,275
1981,Chilanga,192.84157
1982,Chilanga,232.45888
1983,Chilanga,264.80596
1984,Chilanga,257.005536
1985,Chilanga,271.15073
1986,Chilanga,228.959373
1987,Chilanga,244.387178
1988,Chilanga,272.46894
1989,Chilanga,233.877198
1990,Chilanga,250.53989
1991,Chilanga,234.523059
1992,Chilanga,253.394547
1993,Chilanga,183.20894
1994,Chilanga,224.481395
1995,Chilanga,237.50764
1996,Chilanga,257.913937
1997,Chilanga,242.364709
1998,Chilanga,255.52495
1999,Chilanga,269.65263
2000,Chilanga,271.78428
2001,Chilanga,211.375566
2002,Chilanga,274.63421
2003,Chilanga,228.723438
2004,Chilanga,208.916266
2005,Chilanga,258.174736
2006,Chilanga,249.409484
2007,Chilanga,234.808104
2008,Chilanga,258.133544
2009,Chilanga,257.791761
2010,Chilanga,256.78462
2011,Chilanga,263.92193
2012,Chilanga,222.61274
2013,Chilanga,239.063103
2014,Chilanga,248.205823
2015,Chilanga,257.105
2016,Chilanga,244.270545
2017,Chilanga,237.18001
2018,Chilanga,198.35425
2019,Chilanga,215.015191
1981,Chirundu,195.234969
1982,Chirundu,218.1686
1983,Chirundu,259.85656
1984,Chirundu,249.613167
1985,Chirundu,269.31049
1986,Chirundu,213.730347
1987,Chirundu,242.923962
1988,Chirundu,263.31394
1989,Chirundu,224.755158
1990,Chirundu,242.624714
1991,Chirundu,245.42187
1992,Chirundu,243.720245
1993,Chirundu,187.282
1994,Chirundu,193.302021
1995,Chirundu,231.858201
1996,Chirundu,236.470797
1997,Chirundu,227.63356
1998,Chirundu,258.70573
1999,Chirundu,251.91691
2000,Chirundu,275
2001,Chirundu,198.090851
2002,Chirundu,263.15325
2003,Chirundu,226.987465
2004,Chirundu,189.7555
2005,Chirundu,268.87968
2006,Chirundu,240.64609
2007,Chirundu,227.883218
2008,Chirundu,229.063514
2009,Chirundu,256.376184
2010,Chirundu,245.13637
2011,Chirundu,262.54463
2012,Chirundu,225.433561
2013,Chirundu,248.200329
2014,Chirundu,250.526427
2015,Chirundu,250.460276
2016,Chirundu,254.750287
2017,Chirundu,234.08054
2018,Chirundu,189.372299
2019,Chirundu,193.362394
1981,Chongwe,208.150834
1982,Chongwe,226.49606
1983,Chongwe,258.58809
1984,Chongwe,249.51638
1985,Chongwe,273.62876
1986,Chongwe,225.76235
1987,Chongwe,240.787765
1988,Chongwe,275
1989,Chongwe,238.103068
1990,Chongwe,248.27754
1991,Chongwe,244.04357
1992,Chongwe,258.73562
1993,Chongwe,186.904327
1994,Chongwe,218.151486
1995,Chongwe,234.629269
1996,Chongwe,250.438756
1997,Chongwe,233.777525
1998,Chongwe,246.80789
1999,Chongwe,264.2411
2000,Chongwe,275
2001,Chongwe,209.125911
2002,Chongwe,259.57138
2003,Chongwe,225.640855
2004,Chongwe,216.035845
2005,Chongwe,275
2006,Chongwe,244.685947
2007,Chongwe,228.297475
2008,Chongwe,256.798441
2009,Chongwe,258.366164
2010,Chongwe,244.36506
2011,Chongwe,264.76135
2012,Chongwe,236.671031
2013,Chongwe,244.421629
2014,Chongwe,250.696598
2015,Chongwe,263.52234
2016,Chongwe,246.85634
2017,Chongwe,241.83047
2018,Chongwe,212.483222
2019,Chongwe,205.98175
1981,Kafue,201.461285
1982,Kafue,226.281546
1983,Kafue,265.18372
1984,Kafue,254.077745
1985,Kafue,275
1986,Kafue,227.193168
1987,Kafue,246.630793
1988,Kafue,275
1989,Kafue,237.59806
1990,Kafue,247.88378
1991,Kafue,249.23035
1992,Kafue,259.022081
1993,Kafue,194.124865
1994,Kafue,218.717931
1995,Kafue,237.849291
1996,Kafue,246.064829
1997,Kafue,235.959142
1998,Kafue,247.47518
1999,Kafue,255.74525
2000,Kafue,275
2001,Kafue,218.339329
2002,Kafue,270.91912
2003,Kafue,227.222767
2004,Kafue,200.534279
2005,Kafue,273.02283
2006,Kafue,243.810759
2007,Kafue,233.703764
2008,Kafue,256.93607
2009,Kafue,253.84782
2010,Kafue,248.73624
2011,Kafue,263.29292
2012,Kafue,231.329834
2013,Kafue,249.122095
2014,Kafue,250.540311
2015,Kafue,257.78843
2016,Kafue,254.873889
2017,Kafue,237.843666
2018,Kafue,202.826037
2019,Kafue,207.20156
1981,Luangwa,204.371286
1982,Luangwa,220.552828
1983,Luangwa,264.49577
1984,Luangwa,246.988634
1985,Luangwa,262.58389
1986,Luangwa,181.329014
1987,Luangwa,248.779852
1988,Luangwa,267.13667
1989,Luangwa,248.45238
1990,Luangwa,245.63296
1991,Luangwa,212.238724
1992,Luangwa,254.82244
1993,Luangwa,182.586322
1994,Luangwa,239.912082
1995,Luangwa,244.23404
1996,Luangwa,238.882472
1997,Luangwa,228.238304
1998,Luangwa,250.95993
1999,Luangwa,267.9473
2000,Luangwa,275
2001,Luangwa,195.888783
2002,Luangwa,266.90961
2003,Luangwa,218.515603
2004,Luangwa,187.616681
2005,Luangwa,269.12721
2006,Luangwa,257.762934
2007,Luangwa,218.25897
2008,Luangwa,269.41187
2009,Luangwa,256.43673
2010,Luangwa,214.854631
2011,Luangwa,255.460993
2012,Luangwa,248.007599
2013,Luangwa,254.029895
2014,Luangwa,254.897223
2015,Luangwa,240.055748
2016,Luangwa,256.805745
2017,Luangwa,234.031999
2018,Luangwa,212.340278
2019,Luangwa,204.496889
1981,Lusaka,193.430991
1982,Lusaka,231.170592
1983,Lusaka,265.82573
1984,Lusaka,252.332829
1985,Lusaka,271.28914
1986,Lusaka,226.985771
1987,Lusaka,237.954535
1988,Lusaka,270.75348
1989,Lusaka,234.824097
1990,Lusaka,248.09474
1991,Lusaka,240.236608
1992,Lusaka,259.746234
1993,Lusaka,181.490289
1994,Lusaka,216.546826
1995,Lusaka,234.195388
1996,Lusaka,250.030229
1997,Lusaka,239.114057
1998,Lusaka,248.183719
1999,Lusaka,263.87666
2000,Lusaka,274.33222
2001,Lusaka,205.696022
2002,Lusaka,264.51781
2003,Lusaka,225.328169
2004,Lusaka,206.35283
2005,Lusaka,261.19546
2006,Lusaka,245.663112
2007,Lusaka,233.476941
2008,Lusaka,257.052977
2009,Lusaka,258.517599
2010,Lusaka,254.43372
2011,Lusaka,259.33553
2012,Lusaka,227.170004
2013,Lusaka,235.917033
2014,Lusaka,248.799844
2015,Lusaka,258.62954
2016,Lusaka,244.009111
2017,Lusaka,234.266307
2018,Lusaka,196.39929
2019,Lusaka,207.235863
1981,Rufunsa,204.006515
1982,Rufunsa,218.907971
1983,Rufunsa,267.38552
1984,Rufunsa,250.17172
1985,Rufunsa,265.49777
1986,Rufunsa,206.098592
1987,Rufunsa,248.796478
1988,Rufunsa,269.63424
1989,Rufunsa,246.26984
1990,Rufunsa,242.0974
1991,Rufunsa,235.269498
1992,Rufunsa,261.83713
1993,Rufunsa,190.146785
1994,Rufunsa,240.116863
1995,Rufunsa,248.000558
1996,Rufunsa,251.555787
1997,Rufunsa,244.163517
1998,Rufunsa,255.36128
1999,Rufunsa,275
2000,Rufunsa,275
2001,Rufunsa,200.187679
2002,Rufunsa,271.92798
2003,Rufunsa,222.665807
2004,Rufunsa,203.215045
2005,Rufunsa,275
2006,Rufunsa,251.307704
2007,Rufunsa,229.198967
2008,Rufunsa,267.71936
2009,Rufunsa,262.14213
2010,Rufunsa,229.685825
2011,Rufunsa,260.49532
2012,Rufunsa,245.227238
2013,Rufunsa,250.249926
2014,Rufunsa,253.404153
2015,Rufunsa,273.04997
2016,Rufunsa,254.844062
2017,Rufunsa,239.254825
2018,Rufunsa,219.086763
2019,Rufunsa,207.106758
1981,Shibuyunji,201.664623
1982,Shibuyunji,238.975787
1983,Shibuyunji,258.37952
1984,Shibuyunji,256.201102
1985,Shibuyunji,263.92775
1986,Shibuyunji,252.519755
1987,Shibuyunji,247.063295
1988,Shibuyunji,272.33132
1989,Shibuyunji,237.978869
1990,Shibuyunji,245.840947
1991,Shibuyunji,231.588774
1992,Shibuyunji,252.68494
1993,Shibuyunji,190.512822
1994,Shibuyunji,223.361926
1995,Shibuyunji,231.597767
1996,Shibuyunji,245.278579
1997,Shibuyunji,231.920265
1998,Shibuyunji,245.55928
1999,Shibuyunji,268.19331
2000,Shibuyunji,275
2001,Shibuyunji,199.754636
2002,Shibuyunji,273.76292
2003,Shibuyunji,235.574661
2004,Shibuyunji,202.895166
2005,Shibuyunji,258.330549
2006,Shibuyunji,252.42922
2007,Shibuyunji,235.524914
2008,Shibuyunji,253.60527
2009,Shibuyunji,254.852022
2010,Shibuyunji,256.78327
2011,Shibuyunji,259.4099
2012,Shibuyunji,216.788825
2013,Shibuyunji,235.609255
2014,Shibuyunji,248.835428
2015,Shibuyunji,257.44205
2016,Shibuyunji,241.512986
2017,Shibuyunji,239.78954
2018,Shibuyunji,201.504854
2019,Shibuyunji,227.362602
1981,Chama,263.50621
1982,Chama,257.56487
1983,Chama,275
1984,Chama,275
1985,Chama,271.2795
1986,Chama,275
1987,Chama,275
1988,Chama,275
1989,Chama,254.571304
1990,Chama,273.42837
1991,Chama,275
1992,Chama,275
1993,Chama,275
1994,Chama,271.70387
1995,Chama,275
1996,Chama,273.52138
1997,Chama,273.55339
1998,Chama,267.7131
1999,Chama,270.93285
2000,Chama,275
2001,Chama,270.6113
2002,Chama,267.63188
2003,Chama,263.77733
2004,Chama,267.92892
2005,Chama,275
2006,Chama,271.31422
2007,Chama,270.40824
2008,Chama,275
2009,Chama,275
2010,Chama,275
2011,Chama,275
2012,Chama,275
2013,Chama,275
2014,Chama,262.29924
2015,Chama,275
2016,Chama,272.7335
2017,Chama,275
2018,Chama,275
2019,Chama,275
1981,Chinsali,257.274619
1982,Chinsali,264.1255
1983,Chinsali,275
1984,Chinsali,275
1985,Chinsali,274.09349
1986,Chinsali,275
1987,Chinsali,275
1988,Chinsali,275
1989,Chinsali,253.59472
1990,Chinsali,275
1991,Chinsali,275
1992,Chinsali,275
1993,Chinsali,275
1994,Chinsali,275
1995,Chinsali,271.31045
1996,Chinsali,273.83265
1997,Chinsali,274.56757
1998,Chinsali,266.25109
1999,Chinsali,264.70003
2000,Chinsali,275
2001,Chinsali,275
2002,Chinsali,264.07374
2003,Chinsali,261.28144
2004,Chinsali,273.18415
2005,Chinsali,275
2006,Chinsali,274.42177
2007,Chinsali,275
2008,Chinsali,275
2009,Chinsali,275
2010,Chinsali,275
2011,Chinsali,275
2012,Chinsali,275
2013,Chinsali,275
2014,Chinsali,256.70785
2015,Chinsali,275
2016,Chinsali,271.84232
2017,Chinsali,275
2018,Chinsali,275
2019,Chinsali,275
1981,Isoka,255.688102
1982,Isoka,268.11448
1983,Isoka,275
1984,Isoka,275
1985,Isoka,273.56024
1986,Isoka,275
1987,Isoka,275
1988,Isoka,275
1989,Isoka,258.74434
1990,Isoka,275
1991,Isoka,275
1992,Isoka,275
1993,Isoka,271.30701
1994,Isoka,275
1995,Isoka,264.17118
1996,Isoka,263.79528
1997,Isoka,271.98538
1998,Isoka,261.38543
1999,Isoka,263.42975
2000,Isoka,275
2001,Isoka,272.59131
2002,Isoka,264.69655
2003,Isoka,262.44537
2004,Isoka,275
2005,Isoka,275
2006,Isoka,266.86299
2007,Isoka,275
2008,Isoka,275
2009,Isoka,275
2010,Isoka,275
2011,Isoka,275
2012,Isoka,273.86922
2013,Isoka,275
2014,Isoka,255.13932
2015,Isoka,275
2016,Isoka,275
2017,Isoka,275
2018,Isoka,275
2019,Isoka,275
1981,Kanchibiya,262.23775
1982,Kanchibiya,255.70618
1983,Kanchibiya,273.88755
1984,Kanchibiya,275
1985,Kanchibiya,275
1986,Kanchibiya,275
1987,Kanchibiya,275
1988,Kanchibiya,275
1989,Kanchibiya,261.0061
1990,Kanchibiya,275
1991,Kanchibiya,275
1992,Kanchibiya,275
1993,Kanchibiya,275
1994,Kanchibiya,275
1995,Kanchibiya,275
1996,Kanchibiya,275
1997,Kanchibiya,269.92957
1998,Kanchibiya,275
1999,Kanchibiya,275
2000,Kanchibiya,275
2001,Kanchibiya,275
2002,Kanchibiya,275
2003,Kanchibiya,271.07683
2004,Kanchibiya,275
2005,Kanchibiya,275
2006,Kanchibiya,275
2007,Kanchibiya,269.55608
2008,Kanchibiya,275
2009,Kanchibiya,275
2010,Kanchibiya,275
2011,Kanchibiya,275
2012,Kanchibiya,275
2013,Kanchibiya,275
2014,Kanchibiya,274.84354
2015,Kanchibiya,275
2016,Kanchibiya,275
2017,Kanchibiya,275
2018,Kanchibiya,275
2019,Kanchibiya,275
1981,Lavushimanda,269.49684
1982,Lavushimanda,263.6255
1983,Lavushimanda,275
1984,Lavushimanda,275
1985,Lavushimanda,275
1986,Lavushimanda,275
1987,Lavushimanda,273.07677
1988,Lavushimanda,275
1989,Lavushimanda,247.520671
1990,Lavushimanda,270.72224
1991,Lavushimanda,272.64758
1992,Lavushimanda,275
1993,Lavushimanda,252.44937
1994,Lavushimanda,265.50937
1995,Lavushimanda,275
1996,Lavushimanda,272.5416
1997,Lavushimanda,273.12771
1998,Lavushimanda,275
1999,Lavushimanda,275
2000,Lavushimanda,275
2001,Lavushimanda,275
2002,Lavushimanda,275
2003,Lavushimanda,261.53399
2004,Lavushimanda,262.75227
2005,Lavushimanda,275
2006,Lavushimanda,275
2007,Lavushimanda,256.65418
2008,Lavushimanda,275
2009,Lavushimanda,275
2010,Lavushimanda,275
2011,Lavushimanda,275
2012,Lavushimanda,271.16239
2013,Lavushimanda,271.89394
2014,Lavushimanda,266.52588
2015,Lavushimanda,275
2016,Lavushimanda,265.44536
2017,Lavushimanda,275
2018,Lavushimanda,274.82649
2019,Lavushimanda,275
1981,Mafinga,258.457094
1982,Mafinga,273.1488
1983,Mafinga,275
1984,Mafinga,275
1985,Mafinga,273.47712
1986,Mafinga,275
1987,Mafinga,275
1988,Mafinga,275
1989,Mafinga,274.42134
1990,Mafinga,275
1991,Mafinga,275
1992,Mafinga,275
1993,Mafinga,270.6683
1994,Mafinga,275
1995,Mafinga,271.75468
1996,Mafinga,275
1997,Mafinga,275
1998,Mafinga,264.53948
1999,Mafinga,268.69103
2000,Mafinga,275
2001,Mafinga,273.5657
2002,Mafinga,265.00907
2003,Mafinga,274.5636
2004,Mafinga,275
2005,Mafinga,275
2006,Mafinga,274.50882
2007,Mafinga,275
2008,Mafinga,275
2009,Mafinga,275
2010,Mafinga,275
2011,Mafinga,275
2012,Mafinga,272.69576
2013,Mafinga,275
2014,Mafinga,263.9045
2015,Mafinga,275
2016,Mafinga,274.19464
2017,Mafinga,275
2018,Mafinga,275
2019,Mafinga,275
1981,Mpika,264.33278
1982,Mpika,256.51212
1983,Mpika,269.02396
1984,Mpika,275
1985,Mpika,275
1986,Mpika,275
1987,Mpika,274.19646
1988,Mpika,275
1989,Mpika,239.828977
1990,Mpika,270.33542
1991,Mpika,258.68165
1992,Mpika,275
1993,Mpika,272.55657
1994,Mpika,274.86943
1995,Mpika,275
1996,Mpika,268.32388
1997,Mpika,269.15353
1998,Mpika,275
1999,Mpika,275
2000,Mpika,275
2001,Mpika,262.19593
2002,Mpika,275
2003,Mpika,256.823938
2004,Mpika,267.82672
2005,Mpika,275
2006,Mpika,275
2007,Mpika,255.822704
2008,Mpika,275
2009,Mpika,275
2010,Mpika,275
2011,Mpika,275
2012,Mpika,275
2013,Mpika,274.96772
2014,Mpika,266.26619
2015,Mpika,275
2016,Mpika,259.528381
2017,Mpika,275
2018,Mpika,275
2019,Mpika,272.83096
1981,Nakonde,252.709119
1982,Nakonde,273.4307
1983,Nakonde,275
1984,Nakonde,275
1985,Nakonde,270.45766
1986,Nakonde,275
1987,Nakonde,275
1988,Nakonde,275
1989,Nakonde,273.01461
1990,Nakonde,275
1991,Nakonde,275
1992,Nakonde,275
1993,Nakonde,273.31552
1994,Nakonde,275
1995,Nakonde,264.08847
1996,Nakonde,269.97954
1997,Nakonde,275
1998,Nakonde,262.8651
1999,Nakonde,267.48422
2000,Nakonde,275
2001,Nakonde,275
2002,Nakonde,269.18223
2003,Nakonde,266.30332
2004,Nakonde,267.38229
2005,Nakonde,275
2006,Nakonde,268.93799
2007,Nakonde,275
2008,Nakonde,275
2009,Nakonde,275
2010,Nakonde,275
2011,Nakonde,275
2012,Nakonde,273.08323
2013,Nakonde,275
2014,Nakonde,264.37123
2015,Nakonde,275
2016,Nakonde,275
2017,Nakonde,275
2018,Nakonde,275
2019,Nakonde,275
1981,Shiwamg'andu,260.45968
1982,Shiwamg'andu,261.88598
1983,Shiwamg'andu,275
1984,Shiwamg'andu,275
1985,Shiwamg'andu,275
1986,Shiwamg'andu,275
1987,Shiwamg'andu,275
1988,Shiwamg'andu,275
1989,Shiwamg'andu,256.78649
1990,Shiwamg'andu,275
1991,Shiwamg'andu,275
1992,Shiwamg'andu,275
1993,Shiwamg'andu,275
1994,Shiwamg'andu,275
1995,Shiwamg'andu,275
1996,Shiwamg'andu,275
1997,Shiwamg'andu,269.83166
1998,Shiwamg'andu,275
1999,Shiwamg'andu,275
2000,Shiwamg'andu,275
2001,Shiwamg'andu,275
2002,Shiwamg'andu,272.06734
2003,Shiwamg'andu,266.1808
2004,Shiwamg'andu,275
2005,Shiwamg'andu,275
2006,Shiwamg'andu,275
2007,Shiwamg'andu,268.37207
2008,Shiwamg'andu,275
2009,Shiwamg'andu,275
2010,Shiwamg'andu,275
2011,Shiwamg'andu,275
2012,Shiwamg'andu,275
2013,Shiwamg'andu,275
2014,Shiwamg'andu,269.57801
2015,Shiwamg'andu,275
2016,Shiwamg'andu,275
2017,Shiwamg'andu,275
2018,Shiwamg'andu,275
2019,Shiwamg'andu,275
1981,Chavuma,272.47897
1982,Chavuma,244.088359
1983,Chavuma,275
1984,Chavuma,275
1985,Chavuma,272.77025
1986,Chavuma,274.97217
1987,Chavuma,275
1988,Chavuma,275
1989,Chavuma,264.97008
1990,Chavuma,275
1991,Chavuma,269.1083
1992,Chavuma,273.88318
1993,Chavuma,236.416442
1994,Chavuma,256.2271
1995,Chavuma,275
1996,Chavuma,275
1997,Chavuma,275
1998,Chavuma,275
1999,Chavuma,275
2000,Chavuma,275
2001,Chavuma,267.10962
2002,Chavuma,275
2003,Chavuma,275
2004,Chavuma,268.84364
2005,Chavuma,275
2006,Chavuma,273.22159
2007,Chavuma,257.922703
2008,Chavuma,266.48601
2009,Chavuma,275
2010,Chavuma,275
2011,Chavuma,275
2012,Chavuma,269.14125
2013,Chavuma,275
2014,Chavuma,262.36907
2015,Chavuma,275
2016,Chavuma,275
2017,Chavuma,275
2018,Chavuma,265.54313
2019,Chavuma,275
1981,Ikelenge,275
1982,Ikelenge,260.43171
1983,Ikelenge,275
1984,Ikelenge,275
1985,Ikelenge,275
1986,Ikelenge,275
1987,Ikelenge,275
1988,Ikelenge,275
1989,Ikelenge,275
1990,Ikelenge,275
1991,Ikelenge,271.57669
1992,Ikelenge,275
1993,Ikelenge,275
1994,Ikelenge,275
1995,Ikelenge,275
1996,Ikelenge,275
1997,Ikelenge,275
1998,Ikelenge,275
1999,Ikelenge,275
2000,Ikelenge,275
2001,Ikelenge,275
2002,Ikelenge,275
2003,Ikelenge,275
2004,Ikelenge,275
2005,Ikelenge,275
2006,Ikelenge,275
2007,Ikelenge,275
2008,Ikelenge,275
2009,Ikelenge,275
2010,Ikelenge,275
2011,Ikelenge,275
2012,Ikelenge,275
2013,Ikelenge,275
2014,Ikelenge,275
2015,Ikelenge,275
2016,Ikelenge,275
2017,Ikelenge,275
2018,Ikelenge,275
2019,Ikelenge,274.60048
1981,Kabompo,262.55254
1982,Kabompo,252.136029
1983,Kabompo,275
1984,Kabompo,275
1985,Kabompo,275
1986,Kabompo,275
1987,Kabompo,275
1988,Kabompo,270.54562
1989,Kabompo,263.67761
1990,Kabompo,266.9102
1991,Kabompo,272.68295
1992,Kabompo,275
1993,Kabompo,224.65918
1994,Kabompo,255.728505
1995,Kabompo,262.4252
1996,Kabompo,267.94009
1997,Kabompo,266.22727
1998,Kabompo,275
1999,Kabompo,275
2000,Kabompo,275
2001,Kabompo,260.59949
2002,Kabompo,275
2003,Kabompo,275
2004,Kabompo,275
2005,Kabompo,275
2006,Kabompo,263.30643
2007,Kabompo,254.94379
2008,Kabompo,261.07318
2009,Kabompo,275
2010,Kabompo,275
2011,Kabompo,275
2012,Kabompo,243.46298
2013,Kabompo,275
2014,Kabompo,261.70508
2015,Kabompo,275
2016,Kabompo,275
2017,Kabompo,275
2018,Kabompo,259.65046
2019,Kabompo,275
1981,Kalumbila,275
1982,Kalumbila,261.45772
1983,Kalumbila,275
1984,Kalumbila,275
1985,Kalumbila,275
1986,Kalumbila,270.1327
1987,Kalumbila,275
1988,Kalumbila,275
1989,Kalumbila,271.27094
1990,Kalumbila,275
1991,Kalumbila,275
1992,Kalumbila,275
1993,Kalumbila,237.748015
1994,Kalumbila,271.36123
1995,Kalumbila,275
1996,Kalumbila,275
1997,Kalumbila,275
1998,Kalumbila,275
1999,Kalumbila,275
2000,Kalumbila,275
2001,Kalumbila,275
2002,Kalumbila,275
2003,Kalumbila,275
2004,Kalumbila,275
2005,Kalumbila,275
2006,Kalumbila,275
2007,Kalumbila,256.709769
2008,Kalumbila,270.31515
2009,Kalumbila,275
2010,Kalumbila,275
2011,Kalumbila,275
2012,Kalumbila,275
2013,Kalumbila,275
2014,Kalumbila,266.49313
2015,Kalumbila,275
2016,Kalumbila,275
2017,Kalumbila,275
2018,Kalumbila,272.69539
2019,Kalumbila,275
1981,Kasempa,249.04433
1982,Kasempa,260.72609
1983,Kasempa,273.79159
1984,Kasempa,265.25454
1985,Kasempa,275
1986,Kasempa,275
1987,Kasempa,274.14022
1988,Kasempa,275
1989,Kasempa,268.70146
1990,Kasempa,266.15533
1991,Kasempa,275
1992,Kasempa,275
1993,Kasempa,222.532095
1994,Kasempa,250.237562
1995,Kasempa,262.59217
1996,Kasempa,259.716468
1997,Kasempa,275
1998,Kasempa,275
1999,Kasempa,275
2000,Kasempa,275
2001,Kasempa,263.83646
2002,Kasempa,275
2003,Kasempa,269.26393
2004,Kasempa,269.5382
2005,Kasempa,275
2006,Kasempa,263.62379
2007,Kasempa,255.82041
2008,Kasempa,267.48074
2009,Kasempa,275
2010,Kasempa,275
2011,Kasempa,275
2012,Kasempa,246.20562
2013,Kasempa,275
2014,Kasempa,259.710434
2015,Kasempa,275
2016,Kasempa,269.40171
2017,Kasempa,275
2018,Kasempa,259.514316
2019,Kasempa,274.28304
1981,Manyinga,266.26958
1982,Manyinga,255.426975
1983,Manyinga,275
1984,Manyinga,275
1985,Manyinga,275
1986,Manyinga,274.93459
1987,Manyinga,275
1988,Manyinga,265.91458
1989,Manyinga,273.40265
1990,Manyinga,274.47372
1991,Manyinga,275
1992,Manyinga,275
1993,Manyinga,240.218366
1994,Manyinga,267.93282
1995,Manyinga,275
1996,Manyinga,275
1997,Manyinga,275
1998,Manyinga,275
1999,Manyinga,275
2000,Manyinga,275
2001,Manyinga,275
2002,Manyinga,275
2003,Manyinga,275
2004,Manyinga,275
2005,Manyinga,275
2006,Manyinga,275
2007,Manyinga,259.260065
2008,Manyinga,265.88312
2009,Manyinga,275
2010,Manyinga,275
2011,Manyinga,275
2012,Manyinga,275
2013,Manyinga,275
2014,Manyinga,268.78244
2015,Manyinga,275
2016,Manyinga,275
2017,Manyinga,275
2018,Manyinga,265.13285
2019,Manyinga,275
1981,Mufumbwe,236.383913
1982,Mufumbwe,255.609422
1983,Mufumbwe,275
1984,Mufumbwe,267.92287
1985,Mufumbwe,275
1986,Mufumbwe,275
1987,Mufumbwe,275
1988,Mufumbwe,275
1989,Mufumbwe,270.30067
1990,Mufumbwe,269.1577
1991,Mufumbwe,275
1992,Mufumbwe,275
1993,Mufumbwe,226.309459
1994,Mufumbwe,247.984552
1995,Mufumbwe,268.22713
1996,Mufumbwe,259.311599
1997,Mufumbwe,275
1998,Mufumbwe,275
1999,Mufumbwe,275
2000,Mufumbwe,275
2001,Mufumbwe,265.17999
2002,Mufumbwe,275
2003,Mufumbwe,272.10837
2004,Mufumbwe,275
2005,Mufumbwe,275
2006,Mufumbwe,267.1072
2007,Mufumbwe,255.888082
2008,Mufumbwe,266.31306
2009,Mufumbwe,275
2010,Mufumbwe,275
2011,Mufumbwe,275
2012,Mufumbwe,240.19303
2013,Mufumbwe,275
2014,Mufumbwe,260.52087
2015,Mufumbwe,275
2016,Mufumbwe,275
2017,Mufumbwe,275
2018,Mufumbwe,259.718159
2019,Mufumbwe,274.64314
1981,Mushindano,274.62036
1982,Mushindano,260.86461
1983,Mushindano,275
1984,Mushindano,275
1985,Mushindano,275
1986,Mushindano,272.93138
1987,Mushindano,275
1988,Mushindano,275
1989,Mushindano,269.03396
1990,Mushindano,275
1991,Mushindano,275
1992,Mushindano,275
1993,Mushindano,268.94208
1994,Mushindano,264.21456
1995,Mushindano,275
1996,Mushindano,275
1997,Mushindano,275
1998,Mushindano,275
1999,Mushindano,275
2000,Mushindano,275
2001,Mushindano,275
2002,Mushindano,275
2003,Mushindano,273.74229
2004,Mushindano,275
2005,Mushindano,275
2006,Mushindano,275
2007,Mushindano,260.03142
2008,Mushindano,275
2009,Mushindano,275
2010,Mushindano,275
2011,Mushindano,275
2012,Mushindano,275
2013,Mushindano,275
2014,Mushindano,274.24502
2015,Mushindano,275
2016,Mushindano,263.05349
2017,Mushindano,275
2018,Mushindano,275
2019,Mushindano,274.02026
1981,Mwinilunga,275
1982,Mwinilunga,257.172204
1983,Mwinilunga,275
1984,Mwinilunga,275
1985,Mwinilunga,275
1986,Mwinilunga,275
1987,Mwinilunga,275
1988,Mwinilunga,275
1989,Mwinilunga,275
1990,Mwinilunga,275
1991,Mwinilunga,275
1992,Mwinilunga,275
1993,Mwinilunga,259.17843
1994,Mwinilunga,275
1995,Mwinilunga,275
1996,Mwinilunga,275
1997,Mwinilunga,275
1998,Mwinilunga,275
1999,Mwinilunga,275
2000,Mwinilunga,275
2001,Mwinilunga,275
2002,Mwinilunga,275
2003,Mwinilunga,275
2004,Mwinilunga,275
2005,Mwinilunga,275
2006,Mwinilunga,275
2007,Mwinilunga,269.1872
2008,Mwinilunga,274.49413
2009,Mwinilunga,275
2010,Mwinilunga,275
2011,Mwinilunga,275
2012,Mwinilunga,275
2013,Mwinilunga,275
2014,Mwinilunga,275
2015,Mwinilunga,275
2016,Mwinilunga,275
2017,Mwinilunga,275
2018,Mwinilunga,268.92232
2019,Mwinilunga,275
1981,Solwezi,275
1982,Solwezi,266.9794
1983,Solwezi,272.24637
1984,Solwezi,275
1985,Solwezi,275
1986,Solwezi,270.634
1987,Solwezi,267.26076
1988,Solwezi,275
1989,Solwezi,272.10629
1990,Solwezi,275
1991,Solwezi,275
1992,Solwezi,275
1993,Solwezi,241.06697
1994,Solwezi,266.04402
1995,Solwezi,267.88846
1996,Solwezi,275
1997,Solwezi,275
1998,Solwezi,275
1999,Solwezi,275
2000,Solwezi,275
2001,Solwezi,275
2002,Solwezi,275
2003,Solwezi,275
2004,Solwezi,275
2005,Solwezi,275
2006,Solwezi,272.72742
2007,Solwezi,257.162417
2008,Solwezi,270.90957
2009,Solwezi,275
2010,Solwezi,275
2011,Solwezi,275
2012,Solwezi,273.31993
2013,Solwezi,275
2014,Solwezi,267.25448
2015,Solwezi,275
2016,Solwezi,267.18282
2017,Solwezi,275
2018,Solwezi,275
2019,Solwezi,274.8562
1981,Zambezi,267.76661
1982,Zambezi,248.891721
1983,Zambezi,275
1984,Zambezi,275
1985,Zambezi,275
1986,Zambezi,275
1987,Zambezi,275
1988,Zambezi,275
1989,Zambezi,263.80342
1990,Zambezi,274.40941
1991,Zambezi,269.42949
1992,Zambezi,275
1993,Zambezi,230.810809
1994,Zambezi,258.916286
1995,Zambezi,272.18698
1996,Zambezi,275
1997,Zambezi,268.94613
1998,Zambezi,275
1999,Zambezi,275
2000,Zambezi,275
2001,Zambezi,259.68708
2002,Zambezi,275
2003,Zambezi,270.06553
2004,Zambezi,270.40739
2005,Zambezi,275
2006,Zambezi,266.23819
2007,Zambezi,255.951653
2008,Zambezi,259.851026
2009,Zambezi,275
2010,Zambezi,275
2011,Zambezi,273.00768
2012,Zambezi,253.16451
2013,Zambezi,275
2014,Zambezi,260.16055
2015,Zambezi,275
2016,Zambezi,271.38103
2017,Zambezi,275
2018,Zambezi,261.20703
2019,Zambezi,275
1981,Chilubi,260.65718
1982,Chilubi,261.93664
1983,Chilubi,275
1984,Chilubi,275
1985,Chilubi,275
1986,Chilubi,275
1987,Chilubi,275
1988,Chilubi,275
1989,Chilubi,271.96361
1990,Chilubi,275
1991,Chilubi,275
1992,Chilubi,275
1993,Chilubi,275
1994,Chilubi,275
1995,Chilubi,275
1996,Chilubi,275
1997,Chilubi,275
1998,Chilubi,275
1999,Chilubi,275
2000,Chilubi,275
2001,Chilubi,275
2002,Chilubi,275
2003,Chilubi,275
2004,Chilubi,275
2005,Chilubi,275
2006,Chilubi,275
2007,Chilubi,275
2008,Chilubi,275
2009,Chilubi,275
2010,Chilubi,275
2011,Chilubi,275
2012,Chilubi,275
2013,Chilubi,275
2014,Chilubi,275
2015,Chilubi,275
2016,Chilubi,275
2017,Chilubi,275
2018,Chilubi,275
2019,Chilubi,275
1981,Kaputa,275
1982,Kaputa,275
1983,Kaputa,275
1984,Kaputa,275
1985,Kaputa,275
1986,Kaputa,275
1987,Kaputa,275
1988,Kaputa,260.05063
1989,Kaputa,275
1990,Kaputa,275
1991,Kaputa,275
1992,Kaputa,275
1993,Kaputa,275
1994,Kaputa,275
1995,Kaputa,275
1996,Kaputa,275
1997,Kaputa,275
1998,Kaputa,266.81695
1999,Kaputa,275
2000,Kaputa,274.28571
2001,Kaputa,275
2002,Kaputa,255.997788
2003,Kaputa,275
2004,Kaputa,275
2005,Kaputa,275
2006,Kaputa,275
2007,Kaputa,275
2008,Kaputa,275
2009,Kaputa,275
2010,Kaputa,270.63456
2011,Kaputa,275
2012,Kaputa,275
2013,Kaputa,275
2014,Kaputa,275
2015,Kaputa,275
2016,Kaputa,275
2017,Kaputa,275
2018,Kaputa,275
2019,Kaputa,275
1981,Kasama,256.016212
1982,Kasama,265.81452
1983,Kasama,275
1984,Kasama,275
1985,Kasama,275
1986,Kasama,275
1987,Kasama,275
1988,Kasama,275
1989,Kasama,275
1990,Kasama,275
1991,Kasama,275
1992,Kasama,275
1993,Kasama,275
1994,Kasama,275
1995,Kasama,275
1996,Kasama,275
1997,Kasama,275
1998,Kasama,275
1999,Kasama,275
2000,Kasama,275
2001,Kasama,275
2002,Kasama,271.65966
2003,Kasama,275
2004,Kasama,275
2005,Kasama,275
2006,Kasama,275
2007,Kasama,275
2008,Kasama,275
2009,Kasama,275
2010,Kasama,275
2011,Kasama,275
2012,Kasama,275
2013,Kasama,275
2014,Kasama,275
2015,Kasama,275
2016,Kasama,275
2017,Kasama,275
2018,Kasama,275
2019,Kasama,275
1981,Lunte District,258.312609
1982,Lunte District,266.40319
1983,Lunte District,275
1984,Lunte District,275
1985,Lunte District,275
1986,Lunte District,275
1987,Lunte District,275
1988,Lunte District,275
1989,Lunte District,275
1990,Lunte District,275
1991,Lunte District,275
1992,Lunte District,275
1993,Lunte District,275
1994,Lunte District,275
1995,Lunte District,275
1996,Lunte District,275
1997,Lunte District,275
1998,Lunte District,275
1999,Lunte District,275
2000,Lunte District,275
2001,Lunte District,275
2002,Lunte District,268.30153
2003,Lunte District,275
2004,Lunte District,275
2005,Lunte District,275
2006,Lunte District,275
2007,Lunte District,275
2008,Lunte District,275
2009,Lunte District,275
2010,Lunte District,275
2011,Lunte District,275
2012,Lunte District,275
2013,Lunte District,275
2014,Lunte District,275
2015,Lunte District,275
2016,Lunte District,275
2017,Lunte District,275
2018,Lunte District,275
2019,Lunte District,275
1981,Lupososhi,265.99576
1982,Lupososhi,274.25308
1983,Lupososhi,275
1984,Lupososhi,275
1985,Lupososhi,275
1986,Lupososhi,275
1987,Lupososhi,275
1988,Lupososhi,275
1989,Lupososhi,275
1990,Lupososhi,275
1991,Lupososhi,275
1992,Lupososhi,275
1993,Lupososhi,275
1994,Lupososhi,275
1995,Lupososhi,275
1996,Lupososhi,275
1997,Lupososhi,275
1998,Lupososhi,275
1999,Lupososhi,275
2000,Lupososhi,275
2001,Lupososhi,275
2002,Lupososhi,275
2003,Lupososhi,275
2004,Lupososhi,275
2005,Lupososhi,275
2006,Lupososhi,275
2007,Lupososhi,275
2008,Lupososhi,275
2009,Lupososhi,275
2010,Lupososhi,275
2011,Lupososhi,275
2012,Lupososhi,275
2013,Lupososhi,275
2014,Lupososhi,275
2015,Lupososhi,275
2016,Lupososhi,275
2017,Lupososhi,275
2018,Lupososhi,275
2019,Lupososhi,275
1981,Luwingu,259.569645
1982,Luwingu,269.48652
1983,Luwingu,275
1984,Luwingu,275
1985,Luwingu,275
1986,Luwingu,275
1987,Luwingu,275
1988,Luwingu,275
1989,Luwingu,275
1990,Luwingu,275
1991,Luwingu,275
1992,Luwingu,275
1993,Luwingu,275
1994,Luwingu,275
1995,Luwingu,275
1996,Luwingu,275
1997,Luwingu,275
1998,Luwingu,275
1999,Luwingu,275
2000,Luwingu,275
2001,Luwingu,275
2002,Luwingu,275
2003,Luwingu,275
2004,Luwingu,275
2005,Luwingu,275
2006,Luwingu,275
2007,Luwingu,275
2008,Luwingu,275
2009,Luwingu,275
2010,Luwingu,275
2011,Luwingu,275
2012,Luwingu,275
2013,Luwingu,275
2014,Luwingu,275
2015,Luwingu,275
2016,Luwingu,275
2017,Luwingu,275
2018,Luwingu,275
2019,Luwingu,275
1981,Mbala,253.626396
1982,Mbala,275
1983,Mbala,275
1984,Mbala,275
1985,Mbala,275
1986,Mbala,275
1987,Mbala,275
1988,Mbala,275
1989,Mbala,275
1990,Mbala,275
1991,Mbala,275
1992,Mbala,275
1993,Mbala,275
1994,Mbala,275
1995,Mbala,275
1996,Mbala,275
1997,Mbala,275
1998,Mbala,275
1999,Mbala,275
2000,Mbala,275
2001,Mbala,271.28853
2002,Mbala,267.99293
2003,Mbala,275
2004,Mbala,271.82592
2005,Mbala,275
2006,Mbala,275
2007,Mbala,275
2008,Mbala,275
2009,Mbala,275
2010,Mbala,268.59226
2011,Mbala,275
2012,Mbala,275
2013,Mbala,275
2014,Mbala,275
2015,Mbala,275
2016,Mbala,275
2017,Mbala,270.70998
2018,Mbala,275
2019,Mbala,275
1981,Mporokoso,267.02032
1982,Mporokoso,275
1983,Mporokoso,275
1984,Mporokoso,275
1985,Mporokoso,275
1986,Mporokoso,275
1987,Mporokoso,275
1988,Mporokoso,268.65363
1989,Mporokoso,275
1990,Mporokoso,275
1991,Mporokoso,275
1992,Mporokoso,275
1993,Mporokoso,275
1994,Mporokoso,275
1995,Mporokoso,275
1996,Mporokoso,275
1997,Mporokoso,275
1998,Mporokoso,275
1999,Mporokoso,275
2000,Mporokoso,275
2001,Mporokoso,275
2002,Mporokoso,259.164456
2003,Mporokoso,275
2004,Mporokoso,275
2005,Mporokoso,275
2006,Mporokoso,275
2007,Mporokoso,275
2008,Mporokoso,275
2009,Mporokoso,275
2010,Mporokoso,275
2011,Mporokoso,275
2012,Mporokoso,275
2013,Mporokoso,275
2014,Mporokoso,275
2015,Mporokoso,275
2016,Mporokoso,275
2017,Mporokoso,275
2018,Mporokoso,275
2019,Mporokoso,275
1981,Mpulungu,254.53014
1982,Mpulungu,273.93181
1983,Mpulungu,275
1984,Mpulungu,275
1985,Mpulungu,275
1986,Mpulungu,275
1987,Mpulungu,275
1988,Mpulungu,275
1989,Mpulungu,275
1990,Mpulungu,275
1991,Mpulungu,275
1992,Mpulungu,275
1993,Mpulungu,275
1994,Mpulungu,275
1995,Mpulungu,275
1996,Mpulungu,275
1997,Mpulungu,275
1998,Mpulungu,275
1999,Mpulungu,275
2000,Mpulungu,275
2001,Mpulungu,275
2002,Mpulungu,265.26021
2003,Mpulungu,275
2004,Mpulungu,275
2005,Mpulungu,275
2006,Mpulungu,275
2007,Mpulungu,275
2008,Mpulungu,275
2009,Mpulungu,275
2010,Mpulungu,270.88651
2011,Mpulungu,275
2012,Mpulungu,275
2013,Mpulungu,275
2014,Mpulungu,275
2015,Mpulungu,275
2016,Mpulungu,275
2017,Mpulungu,275
2018,Mpulungu,275
2019,Mpulungu,275
1981,Mungwi,254.08673
1982,Mungwi,264.81847
1983,Mungwi,275
1984,Mungwi,275
1985,Mungwi,275
1986,Mungwi,275
1987,Mungwi,275
1988,Mungwi,275
1989,Mungwi,275
1990,Mungwi,275
1991,Mungwi,275
1992,Mungwi,275
1993,Mungwi,275
1994,Mungwi,275
1995,Mungwi,275
1996,Mungwi,275
1997,Mungwi,273.40927
1998,Mungwi,275
1999,Mungwi,270.45293
2000,Mungwi,275
2001,Mungwi,275
2002,Mungwi,267.0877
2003,Mungwi,275
2004,Mungwi,275
2005,Mungwi,275
2006,Mungwi,273.81172
2007,Mungwi,275
2008,Mungwi,275
2009,Mungwi,275
2010,Mungwi,275
2011,Mungwi,275
2012,Mungwi,275
2013,Mungwi,275
2014,Mungwi,271.2345
2015,Mungwi,275
2016,Mungwi,270.83748
2017,Mungwi,275
2018,Mungwi,275
2019,Mungwi,275
1981,Nsama,260.35664
1982,Nsama,275
1983,Nsama,275
1984,Nsama,275
1985,Nsama,275
1986,Nsama,275
1987,Nsama,275
1988,Nsama,271.39491
1989,Nsama,275
1990,Nsama,275
1991,Nsama,275
1992,Nsama,275
1993,Nsama,275
1994,Nsama,275
1995,Nsama,275
1996,Nsama,275
1997,Nsama,275
1998,Nsama,275
1999,Nsama,275
2000,Nsama,275
2001,Nsama,275
2002,Nsama,256.892302
2003,Nsama,275
2004,Nsama,275
2005,Nsama,275
2006,Nsama,275
2007,Nsama,275
2008,Nsama,274.9165
2009,Nsama,275
2010,Nsama,268.66686
2011,Nsama,275
2012,Nsama,275
2013,Nsama,275
2014,Nsama,275
2015,Nsama,275
2016,Nsama,275
2017,Nsama,273.77583
2018,Nsama,275
2019,Nsama,275
1981,Senga Hill,253.00737
1982,Senga Hill,270.81364
1983,Senga Hill,275
1984,Senga Hill,275
1985,Senga Hill,275
1986,Senga Hill,275
1987,Senga Hill,275
1988,Senga Hill,275
1989,Senga Hill,275
1990,Senga Hill,275
1991,Senga Hill,275
1992,Senga Hill,275
1993,Senga Hill,275
1994,Senga Hill,275
1995,Senga Hill,275
1996,Senga Hill,275
1997,Senga Hill,275
1998,Senga Hill,274.56598
1999,Senga Hill,275
2000,Senga Hill,275
2001,Senga Hill,272.08261
2002,Senga Hill,267.3874
2003,Senga Hill,275
2004,Senga Hill,271.03628
2005,Senga Hill,275
2006,Senga Hill,275
2007,Senga Hill,275
2008,Senga Hill,275
2009,Senga Hill,275
2010,Senga Hill,274.79369
2011,Senga Hill,275
2012,Senga Hill,275
2013,Senga Hill,275
2014,Senga Hill,273.35011
2015,Senga Hill,275
2016,Senga Hill,275
2017,Senga Hill,275
2018,Senga Hill,275
2019,Senga Hill,275
1981,Chikankanta,191.751091
1982,Chikankanta,223.295068
1983,Chikankanta,259.38326
1984,Chikankanta,254.23027
1985,Chikankanta,262.92512
1986,Chikankanta,239.28408
1987,Chikankanta,251.556576
1988,Chikankanta,275
1989,Chikankanta,234.851737
1990,Chikankanta,246.25562
1991,Chikankanta,240.778735
1992,Chikankanta,250.895809
1993,Chikankanta,186.334921
1994,Chikankanta,201.097676
1995,Chikankanta,231.924211
1996,Chikankanta,248.39327
1997,Chikankanta,230.392245
1998,Chikankanta,258.85976
1999,Chikankanta,249.001032
2000,Chikankanta,268.14185
2001,Chikankanta,206.986494
2002,Chikankanta,266.47009
2003,Chikankanta,233.409928
2004,Chikankanta,205.281682
2005,Chikankanta,266.45747
2006,Chikankanta,238.147725
2007,Chikankanta,238.101319
2008,Chikankanta,234.408953
2009,Chikankanta,258.559195
2010,Chikankanta,261.87297
2011,Chikankanta,263.49218
2012,Chikankanta,219.886352
2013,Chikankanta,247.511037
2014,Chikankanta,248.400789
2015,Chikankanta,253.574249
2016,Chikankanta,251.524635
2017,Chikankanta,238.39504
2018,Chikankanta,185.700723
2019,Chikankanta,211.321869
1981,Choma,192.236725
1982,Choma,231.376147
1983,Choma,263.20675
1984,Choma,252.748573
1985,Choma,270.17357
1986,Choma,242.54909
1987,Choma,246.825164
1988,Choma,248.53729
1989,Choma,233.984962
1990,Choma,240.497902
1991,Choma,202.375871
1992,Choma,247.86375
1993,Choma,201.599179
1994,Choma,193.746522
1995,Choma,236.064912
1996,Choma,252.939594
1997,Choma,230.84537
1998,Choma,250.83982
1999,Choma,275
2000,Choma,275
2001,Choma,210.324894
2002,Choma,255.38015
2003,Choma,254.208393
2004,Choma,201.818065
2005,Choma,265.01995
2006,Choma,254.317443
2007,Choma,240.643541
2008,Choma,246.072789
2009,Choma,263.48816
2010,Choma,261.81598
2011,Choma,268.4587
2012,Choma,218.119348
2013,Choma,242.682793
2014,Choma,240.463707
2015,Choma,244.946415
2016,Choma,250.587347
2017,Choma,244.455913
2018,Choma,168.413144
2019,Choma,229.71088
1981,Gwembe,191.806751
1982,Gwembe,231.536117
1983,Gwembe,261.20592
1984,Gwembe,265.31444
1985,Gwembe,274.21458
1986,Gwembe,251.87362
1987,Gwembe,258.41639
1988,Gwembe,257.79647
1989,Gwembe,222.329095
1990,Gwembe,246.02613
1991,Gwembe,214.64082
1992,Gwembe,250.365912
1993,Gwembe,208.564577
1994,Gwembe,201.16103
1995,Gwembe,241.223357
1996,Gwembe,261.66035
1997,Gwembe,240.364426
1998,Gwembe,269.82505
1999,Gwembe,264.55715
2000,Gwembe,275
2001,Gwembe,211.464658
2002,Gwembe,265.82849
2003,Gwembe,244.477018
2004,Gwembe,218.221888
2005,Gwembe,268.66755
2006,Gwembe,243.193347
2007,Gwembe,255.036231
2008,Gwembe,250.392243
2009,Gwembe,258.71873
2010,Gwembe,275
2011,Gwembe,269.75503
2012,Gwembe,221.963472
2013,Gwembe,248.92676
2014,Gwembe,246.691732
2015,Gwembe,241.728611
2016,Gwembe,247.497154
2017,Gwembe,233.208325
2018,Gwembe,172.143904
2019,Gwembe,208.017476
1981,Kalomo,193.487484
1982,Kalomo,237.351441
1983,Kalomo,265.10275
1984,Kalomo,235.947181
1985,Kalomo,269.92189
1986,Kalomo,249.33702
1987,Kalomo,227.207787
1988,Kalomo,242.059707
1989,Kalomo,235.595884
1990,Kalomo,240.828634
1991,Kalomo,203.85626
1992,Kalomo,242.866005
1993,Kalomo,202.225839
1994,Kalomo,198.592076
1995,Kalomo,234.020433
1996,Kalomo,256.179801
1997,Kalomo,231.035144
1998,Kalomo,252.779834
1999,Kalomo,271.56647
2000,Kalomo,272.62805
2001,Kalomo,198.663953
2002,Kalomo,238.24119
2003,Kalomo,253.966335
2004,Kalomo,193.758428
2005,Kalomo,265.14876
2006,Kalomo,252.391592
2007,Kalomo,246.6394
2008,Kalomo,243.545765
2009,Kalomo,262.62294
2010,Kalomo,253.19408
2011,Kalomo,265.58193
2012,Kalomo,216.973853
2013,Kalomo,237.637623
2014,Kalomo,230.690752
2015,Kalomo,245.27291
2016,Kalomo,253.873971
2017,Kalomo,241.859427
2018,Kalomo,170.250347
2019,Kalomo,234.431134
1981,Kazungula,194.646013
1982,Kazungula,234.928374
1983,Kazungula,258.01812
1984,Kazungula,231.46971
1985,Kazungula,267.25311
1986,Kazungula,257.39639
1987,Kazungula,234.590651
1988,Kazungula,243.357011
1989,Kazungula,240.165007
1990,Kazungula,242.546785
1991,Kazungula,202.615155
1992,Kazungula,243.699006
1993,Kazungula,205.854803
1994,Kazungula,207.855801
1995,Kazungula,234.353907
1996,Kazungula,250.389833
1997,Kazungula,218.206214
1998,Kazungula,237.000829
1999,Kazungula,275
2000,Kazungula,270.12296
2001,Kazungula,198.13248
2002,Kazungula,239.234072
2003,Kazungula,254.184683
2004,Kazungula,199.343188
2005,Kazungula,267.78705
2006,Kazungula,251.984072
2007,Kazungula,249.659833
2008,Kazungula,246.845654
2009,Kazungula,266.52959
2010,Kazungula,265.67233
2011,Kazungula,245.57622
2012,Kazungula,209.445868
2013,Kazungula,240.902398
2014,Kazungula,215.497224
2015,Kazungula,255.23009
2016,Kazungula,248.710814
2017,Kazungula,249.46429
2018,Kazungula,165.667986
2019,Kazungula,242.662514
1981,Livingstone,178.285277
1982,Livingstone,237.439435
1983,Livingstone,236.219768
1984,Livingstone,218.689873
1985,Livingstone,257.95454
1986,Livingstone,235.20691
1987,Livingstone,234.69578
1988,Livingstone,252.830738
1989,Livingstone,234.657939
1990,Livingstone,242.435988
1991,Livingstone,204.195925
1992,Livingstone,249.05288
1993,Livingstone,200.981968
1994,Livingstone,193.844999
1995,Livingstone,235.474358
1996,Livingstone,249.999008
1997,Livingstone,214.424765
1998,Livingstone,222.956736
1999,Livingstone,269.14095
2000,Livingstone,258.34333
2001,Livingstone,186.008493
2002,Livingstone,223.997043
2003,Livingstone,254.614948
2004,Livingstone,190.547731
2005,Livingstone,252.82009
2006,Livingstone,247.141809
2007,Livingstone,249.594094
2008,Livingstone,241.53457
2009,Livingstone,251.73958
2010,Livingstone,261.20207
2011,Livingstone,233.25584
2012,Livingstone,208.143253
2013,Livingstone,213.562637
2014,Livingstone,218.341563
2015,Livingstone,238.148448
2016,Livingstone,246.155631
2017,Livingstone,247.14526
2018,Livingstone,167.457983
2019,Livingstone,237.865863
1981,Mazabuka,186.036208
1982,Mazabuka,237.725337
1983,Mazabuka,261.17341
1984,Mazabuka,257.42689
1985,Mazabuka,257.11297
1986,Mazabuka,261.50235
1987,Mazabuka,253.190683
1988,Mazabuka,265.88131
1989,Mazabuka,237.595648
1990,Mazabuka,236.421297
1991,Mazabuka,226.244297
1992,Mazabuka,251.133938
1993,Mazabuka,190.727863
1994,Mazabuka,203.428999
1995,Mazabuka,231.726385
1996,Mazabuka,243.25201
1997,Mazabuka,240.648022
1998,Mazabuka,227.180087
1999,Mazabuka,259.53802
2000,Mazabuka,268.098
2001,Mazabuka,205.400599
2002,Mazabuka,270.32382
2003,Mazabuka,236.710198
2004,Mazabuka,196.523176
2005,Mazabuka,259.413245
2006,Mazabuka,241.781829
2007,Mazabuka,238.444417
2008,Mazabuka,245.651778
2009,Mazabuka,259.486228
2010,Mazabuka,268.3137
2011,Mazabuka,264.98898
2012,Mazabuka,211.596794
2013,Mazabuka,237.025137
2014,Mazabuka,244.890271
2015,Mazabuka,254.46082
2016,Mazabuka,242.327356
2017,Mazabuka,235.676019
2018,Mazabuka,187.386741
2019,Mazabuka,215.882093
1981,Monze,187.331614
1982,Monze,241.6573
1983,Monze,256.36224
1984,Monze,260.87758
1985,Monze,259.7745
1986,Monze,259.93167
1987,Monze,257.62287
1988,Monze,260.73273
1989,Monze,236.822424
1990,Monze,238.232696
1991,Monze,215.801192
1992,Monze,250.156181
1993,Monze,201.770396
1994,Monze,196.165981
1995,Monze,236.524826
1996,Monze,248.772578
1997,Monze,239.007499
1998,Monze,251.29922
1999,Monze,267.75931
2000,Monze,275
2001,Monze,213.193326
2002,Monze,269.99499
2003,Monze,244.500412
2004,Monze,204.62744
2005,Monze,264.06967
2006,Monze,245.75789
2007,Monze,241.622863
2008,Monze,247.477177
2009,Monze,262.10694
2010,Monze,272.04354
2011,Monze,269.639
2012,Monze,214.916012
2013,Monze,240.11574
2014,Monze,246.075557
2015,Monze,244.268955
2016,Monze,241.670372
2017,Monze,234.329701
2018,Monze,180.563667
2019,Monze,220.055658
1981,Namwala,180.507282
1982,Namwala,248.22009
1983,Namwala,259.15024
1984,Namwala,247.32436
1985,Namwala,259.01961
1986,Namwala,245.68359
1987,Namwala,252.335017
1988,Namwala,253.95626
1989,Namwala,235.254489
1990,Namwala,233.682224
1991,Namwala,209.116184
1992,Namwala,241.259129
1993,Namwala,200.144116
1994,Namwala,190.787758
1995,Namwala,235.842102
1996,Namwala,248.477231
1997,Namwala,231.861333
1998,Namwala,243.875283
1999,Namwala,262.20931
2000,Namwala,275
2001,Namwala,200.620183
2002,Namwala,265.74792
2003,Namwala,248.680988
2004,Namwala,199.158503
2005,Namwala,263.75931
2006,Namwala,251.955666
2007,Namwala,246.266574
2008,Namwala,252.606876
2009,Namwala,256.718554
2010,Namwala,269.17807
2011,Namwala,263.57127
2012,Namwala,210.475032
2013,Namwala,230.318107
2014,Namwala,248.889078
2015,Namwala,250.57692
2016,Namwala,249.440185
2017,Namwala,236.017188
2018,Namwala,181.068625
2019,Namwala,242.20834
1981,Pemba,195.140374
1982,Pemba,237.989469
1983,Pemba,259.20185
1984,Pemba,268.93838
1985,Pemba,273.73582
1986,Pemba,240.3782
1987,Pemba,261.65202
1988,Pemba,259.69586
1989,Pemba,227.663056
1990,Pemba,242.098181
1991,Pemba,204.091306
1992,Pemba,248.75649
1993,Pemba,201.647839
1994,Pemba,195.429246
1995,Pemba,237.131088
1996,Pemba,254.306641
1997,Pemba,239.930547
1998,Pemba,266.62266
1999,Pemba,266.08673
2000,Pemba,274.16551
2001,Pemba,211.209557
2002,Pemba,262.04707
2003,Pemba,255.781384
2004,Pemba,216.43707
2005,Pemba,269.3492
2006,Pemba,243.381385
2007,Pemba,246.597927
2008,Pemba,250.301604
2009,Pemba,258.8279
2010,Pemba,270.78825
2011,Pemba,265.75523
2012,Pemba,216.040949
2013,Pemba,243.734405
2014,Pemba,246.100936
2015,Pemba,240.31776
2016,Pemba,241.548565
2017,Pemba,240.510717
2018,Pemba,171.589132
2019,Pemba,217.202683
1981,Siavonga,192.786987
1982,Siavonga,218.35379
1983,Siavonga,258.57791
1984,Siavonga,257.25416
1985,Siavonga,263.55919
1986,Siavonga,230.39138
1987,Siavonga,245.978957
1988,Siavonga,266.89145
1989,Siavonga,221.430263
1990,Siavonga,246.166363
1991,Siavonga,230.84592
1992,Siavonga,246.227938
1993,Siavonga,200.57671
1994,Siavonga,193.531017
1995,Siavonga,231.738567
1996,Siavonga,247.68672
1997,Siavonga,229.74541
1998,Siavonga,269.16478
1999,Siavonga,260.39023
2000,Siavonga,275
2001,Siavonga,205.282518
2002,Siavonga,262.64497
2003,Siavonga,237.617207
2004,Siavonga,195.787612
2005,Siavonga,262.35852
2006,Siavonga,245.820845
2007,Siavonga,242.685255
2008,Siavonga,232.226876
2009,Siavonga,259.350488
2010,Siavonga,265.37361
2011,Siavonga,266.14857
2012,Siavonga,220.494729
2013,Siavonga,244.392483
2014,Siavonga,250.955506
2015,Siavonga,240.111955
2016,Siavonga,253.137969
2017,Siavonga,231.074281
2018,Siavonga,171.704327
2019,Siavonga,196.050825
1981,Sinazongwe,185.713715
1982,Sinazongwe,221.291964
1983,Sinazongwe,262.37726
1984,Sinazongwe,242.738748
1985,Sinazongwe,271.20529
1986,Sinazongwe,225.10738
1987,Sinazongwe,258.51632
1988,Sinazongwe,238.924906
1989,Sinazongwe,224.156872
1990,Sinazongwe,240.480703
1991,Sinazongwe,178.080522
1992,Sinazongwe,241.46163
1993,Sinazongwe,190.51356
1994,Sinazongwe,186.209592
1995,Sinazongwe,234.845206
1996,Sinazongwe,255.115876
1997,Sinazongwe,215.016384
1998,Sinazongwe,264.35431
1999,Sinazongwe,271.7298
2000,Sinazongwe,273.35403
2001,Sinazongwe,199.5663
2002,Sinazongwe,249.65053
2003,Sinazongwe,250.213861
2004,Sinazongwe,195.448623
2005,Sinazongwe,268.54742
2006,Sinazongwe,257.593694
2007,Sinazongwe,237.108311
2008,Sinazongwe,243.105274
2009,Sinazongwe,260.3871
2010,Sinazongwe,256.53831
2011,Sinazongwe,257.86851
2012,Sinazongwe,206.937221
2013,Sinazongwe,249.163773
2014,Sinazongwe,227.562387
2015,Sinazongwe,237.24037
2016,Sinazongwe,242.515288
2017,Sinazongwe,240.378207
2018,Sinazongwe,158.31173
2019,Sinazongwe,222.299293
1981,Zimba,184.223329
1982,Zimba,219.902421
1983,Zimba,240.39765
1984,Zimba,221.236149
1985,Zimba,259.45807
1986,Zimba,219.01938
1987,Zimba,234.976689
1988,Zimba,233.090057
1989,Zimba,235.859808
1990,Zimba,237.128472
1991,Zimba,200.158011
1992,Zimba,248.46613
1993,Zimba,189.75396
1994,Zimba,196.318205
1995,Zimba,237.967052
1996,Zimba,249.400411
1997,Zimba,212.951642
1998,Zimba,233.255726
1999,Zimba,271.39659
2000,Zimba,266.33415
2001,Zimba,186.25531
2002,Zimba,219.585216
2003,Zimba,252.039804
2004,Zimba,188.532734
2005,Zimba,265.85457
2006,Zimba,249.533486
2007,Zimba,240.016002
2008,Zimba,238.340351
2009,Zimba,258.87422
2010,Zimba,249.35461
2011,Zimba,248.99139
2012,Zimba,207.515463
2013,Zimba,225.496934
2014,Zimba,215.870847
2015,Zimba,238.448188
2016,Zimba,250.147397
2017,Zimba,242.858404
2018,Zimba,165.108415
2019,Zimba,229.703378
1981,Kalabo,266.1737
1982,Kalabo,256.452122
1983,Kalabo,275
1984,Kalabo,265.45105
1985,Kalabo,275
1986,Kalabo,260.58954
1987,Kalabo,269.24501
1988,Kalabo,275
1989,Kalabo,267.86372
1990,Kalabo,268.96149
1991,Kalabo,271.52732
1992,Kalabo,275
1993,Kalabo,233.350156
1994,Kalabo,231.606619
1995,Kalabo,254.74009
1996,Kalabo,265.70702
1997,Kalabo,257.515898
1998,Kalabo,275
1999,Kalabo,275
2000,Kalabo,275
2001,Kalabo,247.035855
2002,Kalabo,275
2003,Kalabo,267.7412
2004,Kalabo,259.37242
2005,Kalabo,275
2006,Kalabo,257.370865
2007,Kalabo,254.936744
2008,Kalabo,263.82232
2009,Kalabo,275
2010,Kalabo,275
2011,Kalabo,269.35966
2012,Kalabo,232.667761
2013,Kalabo,274.10203
2014,Kalabo,250.528241
2015,Kalabo,275
2016,Kalabo,264.10753
2017,Kalabo,274.58235
2018,Kalabo,234.454076
2019,Kalabo,269.78274
1981,Kaoma,238.220478
1982,Kaoma,247.296122
1983,Kaoma,275
1984,Kaoma,261.02594
1985,Kaoma,275
1986,Kaoma,264.5692
1987,Kaoma,269.28014
1988,Kaoma,275
1989,Kaoma,263.34034
1990,Kaoma,249.40088
1991,Kaoma,275
1992,Kaoma,275
1993,Kaoma,204.659097
1994,Kaoma,228.597403
1995,Kaoma,253.4593
1996,Kaoma,253.907334
1997,Kaoma,265.41737
1998,Kaoma,275
1999,Kaoma,275
2000,Kaoma,275
2001,Kaoma,240.381562
2002,Kaoma,275
2003,Kaoma,268.09481
2004,Kaoma,248.91354
2005,Kaoma,275
2006,Kaoma,258.10274
2007,Kaoma,253.737938
2008,Kaoma,260.28778
2009,Kaoma,275
2010,Kaoma,273.97465
2011,Kaoma,267.00383
2012,Kaoma,222.859354
2013,Kaoma,275
2014,Kaoma,256.415846
2015,Kaoma,275
2016,Kaoma,268.1988
2017,Kaoma,275
2018,Kaoma,245.338578
2019,Kaoma,267.48756
1981,Limulunga,247.76967
1982,Limulunga,258.284471
1983,Limulunga,275
1984,Limulunga,263.57862
1985,Limulunga,275
1986,Limulunga,257.88118
1987,Limulunga,268.78225
1988,Limulunga,275
1989,Limulunga,264.86062
1990,Limulunga,268.90259
1991,Limulunga,268.19104
1992,Limulunga,275
1993,Limulunga,221.207924
1994,Limulunga,219.504522
1995,Limulunga,246.535792
1996,Limulunga,260.1375
1997,Limulunga,265.49466
1998,Limulunga,275
1999,Limulunga,275
2000,Limulunga,275
2001,Limulunga,240.618748
2002,Limulunga,275
2003,Limulunga,266.96498
2004,Limulunga,248.33025
2005,Limulunga,275
2006,Limulunga,258.776578
2007,Limulunga,253.342627
2008,Limulunga,261.30934
2009,Limulunga,275
2010,Limulunga,275
2011,Limulunga,263.53716
2012,Limulunga,221.163068
2013,Limulunga,274.27209
2014,Limulunga,247.932041
2015,Limulunga,275
2016,Limulunga,263.06982
2017,Limulunga,274.03076
2018,Limulunga,226.266934
2019,Limulunga,264.10454
1981,Luampa,224.878541
1982,Luampa,246.048876
1983,Luampa,275
1984,Luampa,258.85991
1985,Luampa,275
1986,Luampa,266.38381
1987,Luampa,262.95629
1988,Luampa,272.33018
1989,Luampa,265.98936
1990,Luampa,250.89288
1991,Luampa,271.69532
1992,Luampa,270.25059
1993,Luampa,213.099877
1994,Luampa,223.212077
1995,Luampa,249.721177
1996,Luampa,255.091277
1997,Luampa,262.98731
1998,Luampa,275
1999,Luampa,275
2000,Luampa,275
2001,Luampa,227.994301
2002,Luampa,275
2003,Luampa,261.46331
2004,Luampa,235.307018
2005,Luampa,275
2006,Luampa,255.973787
2007,Luampa,250.492101
2008,Luampa,262.26704
2009,Luampa,275
2010,Luampa,271.71729
2011,Luampa,271.2298
2012,Luampa,219.627302
2013,Luampa,272.58064
2014,Luampa,256.037647
2015,Luampa,275
2016,Luampa,260.52182
2017,Luampa,272.86555
2018,Luampa,219.840282
2019,Luampa,261.16298
1981,Lukulu,248.80455
1982,Lukulu,253.229271
1983,Lukulu,275
1984,Lukulu,259.8539
1985,Lukulu,275
1986,Lukulu,272.20318
1987,Lukulu,271.4777
1988,Lukulu,275
1989,Lukulu,263.52318
1990,Lukulu,255.55693
1991,Lukulu,268.19608
1992,Lukulu,275
1993,Lukulu,216.980285
1994,Lukulu,240.382126
1995,Lukulu,251.89271
1996,Lukulu,258.234187
1997,Lukulu,259.790215
1998,Lukulu,275
1999,Lukulu,275
2000,Lukulu,275
2001,Lukulu,246.296911
2002,Lukulu,275
2003,Lukulu,268.9706
2004,Lukulu,264.57303
2005,Lukulu,275
2006,Lukulu,258.584581
2007,Lukulu,253.436976
2008,Lukulu,259.481568
2009,Lukulu,275
2010,Lukulu,275
2011,Lukulu,267.18628
2012,Lukulu,225.535358
2013,Lukulu,275
2014,Lukulu,255.290907
2015,Lukulu,275
2016,Lukulu,271.39202
2017,Lukulu,275
2018,Lukulu,249.26508
2019,Lukulu,272.39753
1981,Mitete,267.49233
1982,Mitete,247.101087
1983,Mitete,274.66731
1984,Mitete,265.465
1985,Mitete,275
1986,Mitete,263.00039
1987,Mitete,275
1988,Mitete,275
1989,Mitete,253.98241
1990,Mitete,274.72482
1991,Mitete,267.73759
1992,Mitete,275
1993,Mitete,224.665798
1994,Mitete,245.127241
1995,Mitete,266.16799
1996,Mitete,270.66641
1997,Mitete,263.37103
1998,Mitete,275
1999,Mitete,275
2000,Mitete,275
2001,Mitete,256.18876
2002,Mitete,275
2003,Mitete,266.76411
2004,Mitete,254.10081
2005,Mitete,275
2006,Mitete,259.215346
2007,Mitete,253.113903
2008,Mitete,256.037541
2009,Mitete,275
2010,Mitete,275
2011,Mitete,265.46377
2012,Mitete,240.94719
2013,Mitete,275
2014,Mitete,253.571716
2015,Mitete,275
2016,Mitete,264.12197
2017,Mitete,275
2018,Mitete,249.41031
2019,Mitete,272.9136
1981,Mongu,245.93384
1982,Mongu,254.21327
1983,Mongu,275
1984,Mongu,266.31191
1985,Mongu,275
1986,Mongu,261.14569
1987,Mongu,264.09935
1988,Mongu,275
1989,Mongu,263.33509
1990,Mongu,264.571
1991,Mongu,264.79033
1992,Mongu,275
1993,Mongu,224.6496
1994,Mongu,227.108855
1995,Mongu,251.183848
1996,Mongu,259.938219
1997,Mongu,265.48395
1998,Mongu,275
1999,Mongu,275
2000,Mongu,275
2001,Mongu,244.771339
2002,Mongu,275
2003,Mongu,267.37382
2004,Mongu,240.5831
2005,Mongu,275
2006,Mongu,258.609198
2007,Mongu,255.44483
2008,Mongu,264.50016
2009,Mongu,275
2010,Mongu,275
2011,Mongu,268.83262
2012,Mongu,224.290714
2013,Mongu,275
2014,Mongu,246.848746
2015,Mongu,275
2016,Mongu,265.75569
2017,Mongu,271.65167
2018,Mongu,212.637046
2019,Mongu,261.24251
1981,Mulobezi,216.169156
1982,Mulobezi,252.41213
1983,Mulobezi,270.33378
1984,Mulobezi,255.92446
1985,Mulobezi,270.60299
1986,Mulobezi,260.19266
1987,Mulobezi,256.24154
1988,Mulobezi,262.82792
1989,Mulobezi,265.25092
1990,Mulobezi,251.69142
1991,Mulobezi,251.66985
1992,Mulobezi,265.07717
1993,Mulobezi,222.157424
1994,Mulobezi,222.074913
1995,Mulobezi,243.635496
1996,Mulobezi,257.435367
1997,Mulobezi,239.5014
1998,Mulobezi,266.34698
1999,Mulobezi,275
2000,Mulobezi,275
2001,Mulobezi,230.26118
2002,Mulobezi,264.23636
2003,Mulobezi,258.301621
2004,Mulobezi,224.935118
2005,Mulobezi,275
2006,Mulobezi,256.262486
2007,Mulobezi,252.366705
2008,Mulobezi,254.348661
2009,Mulobezi,275
2010,Mulobezi,269.52887
2011,Mulobezi,265.54004
2012,Mulobezi,214.791547
2013,Mulobezi,267.06294
2014,Mulobezi,241.215706
2015,Mulobezi,274.94868
2016,Mulobezi,256.44507
2017,Mulobezi,269.26531
2018,Mulobezi,183.604487
2019,Mulobezi,249.15922
1981,Mwandi,190.382957
1982,Mwandi,223.637044
1983,Mwandi,250.9706
1984,Mwandi,228.102736
1985,Mwandi,251.54025
1986,Mwandi,254.75373
1987,Mwandi,236.105098
1988,Mwandi,253.775819
1989,Mwandi,239.426445
1990,Mwandi,245.48784
1991,Mwandi,205.115622
1992,Mwandi,247.017513
1993,Mwandi,202.82842
1994,Mwandi,203.824022
1995,Mwandi,224.826322
1996,Mwandi,242.715828
1997,Mwandi,211.556695
1998,Mwandi,245.70357
1999,Mwandi,275
2000,Mwandi,262.98461
2001,Mwandi,203.484376
2002,Mwandi,236.073978
2003,Mwandi,254.781328
2004,Mwandi,201.824583
2005,Mwandi,263.08156
2006,Mwandi,249.873272
2007,Mwandi,248.465266
2008,Mwandi,242.251268
2009,Mwandi,275
2010,Mwandi,260.55067
2011,Mwandi,228.680764
2012,Mwandi,197.851071
2013,Mwandi,247.535312
2014,Mwandi,208.348721
2015,Mwandi,261.54924
2016,Mwandi,250.232668
2017,Mwandi,253.33335
2018,Mwandi,155.514164
2019,Mwandi,242.62114
1981,Nalolo,234.93831
1982,Nalolo,255.756736
1983,Nalolo,275
1984,Nalolo,249.59266
1985,Nalolo,275
1986,Nalolo,242.49617
1987,Nalolo,265.66164
1988,Nalolo,274.96602
1989,Nalolo,256.45678
1990,Nalolo,259.67005
1991,Nalolo,260.43411
1992,Nalolo,275
1993,Nalolo,228.380815
1994,Nalolo,231.92108
1995,Nalolo,244.398208
1996,Nalolo,261.49141
1997,Nalolo,255.212513
1998,Nalolo,272.05709
1999,Nalolo,274.77688
2000,Nalolo,274.60662
2001,Nalolo,230.106978
2002,Nalolo,270.36878
2003,Nalolo,264.57887
2004,Nalolo,225.87211
2005,Nalolo,275
2006,Nalolo,258.261861
2007,Nalolo,256.605545
2008,Nalolo,267.72494
2009,Nalolo,275
2010,Nalolo,268.01088
2011,Nalolo,270.34938
2012,Nalolo,222.086893
2013,Nalolo,269.8156
2014,Nalolo,234.992916
2015,Nalolo,272.56087
2016,Nalolo,260.93763
2017,Nalolo,264.06032
2018,Nalolo,186.728842
2019,Nalolo,266.42768
1981,Nkeyema,222.566728
1982,Nkeyema,253.894576
1983,Nkeyema,275
1984,Nkeyema,265.86931
1985,Nkeyema,275
1986,Nkeyema,248.84556
1987,Nkeyema,275
1988,Nkeyema,272.40585
1989,Nkeyema,272.86389
1990,Nkeyema,256.40157
1991,Nkeyema,271.45086
1992,Nkeyema,271.72463
1993,Nkeyema,212.0146
1994,Nkeyema,238.009328
1995,Nkeyema,262.2439
1996,Nkeyema,255.182797
1997,Nkeyema,275
1998,Nkeyema,275
1999,Nkeyema,274.63141
2000,Nkeyema,275
2001,Nkeyema,239.644281
2002,Nkeyema,271.95313
2003,Nkeyema,260.26996
2004,Nkeyema,242.62112
2005,Nkeyema,275
2006,Nkeyema,260.05695
2007,Nkeyema,252.171699
2008,Nkeyema,263.44053
2009,Nkeyema,274.93544
2010,Nkeyema,271.49666
2011,Nkeyema,272.1627
2012,Nkeyema,229.763334
2013,Nkeyema,275
2014,Nkeyema,258.370831
2015,Nkeyema,275
2016,Nkeyema,264.57401
2017,Nkeyema,273.03752
2018,Nkeyema,239.719505
2019,Nkeyema,265.63195
1981,Senanga,228.970133
1982,Senanga,255.47498
1983,Senanga,275
1984,Senanga,255.29415
1985,Senanga,275
1986,Senanga,262.58251
1987,Senanga,266.10699
1988,Senanga,269.08652
1989,Senanga,271.90181
1990,Senanga,256.37848
1991,Senanga,251.22392
1992,Senanga,274.09243
1993,Senanga,228.210701
1994,Senanga,226.424827
1995,Senanga,242.238813
1996,Senanga,259.055994
1997,Senanga,253.19078
1998,Senanga,270.09017
1999,Senanga,274.41173
2000,Senanga,275
2001,Senanga,238.085912
2002,Senanga,271.40392
2003,Senanga,262.47145
2004,Senanga,234.299566
2005,Senanga,275
2006,Senanga,258.410525
2007,Senanga,256.744338
2008,Senanga,265.20538
2009,Senanga,275
2010,Senanga,273.76089
2011,Senanga,268.47078
2012,Senanga,218.500635
2013,Senanga,272.84409
2014,Senanga,232.587055
2015,Senanga,275
2016,Senanga,264.53578
2017,Senanga,266.07427
2018,Senanga,186.51584
2019,Senanga,259.45687
1981,Sesheke,207.316285
1982,Sesheke,235.258199
1983,Sesheke,260.76162
1984,Sesheke,233.642515
1985,Sesheke,267.52142
1986,Sesheke,253.74371
1987,Sesheke,242.92672
1988,Sesheke,255.463468
1989,Sesheke,242.30313
1990,Sesheke,250.75555
1991,Sesheke,219.420796
1992,Sesheke,258.239468
1993,Sesheke,209.277356
1994,Sesheke,206.459107
1995,Sesheke,226.736855
1996,Sesheke,249.131475
1997,Sesheke,225.087306
1998,Sesheke,254.8814
1999,Sesheke,273.67159
2000,Sesheke,260.50727
2001,Sesheke,217.830582
2002,Sesheke,247.51472
2003,Sesheke,255.208905
2004,Sesheke,206.071346
2005,Sesheke,267.6457
2006,Sesheke,244.889396
2007,Sesheke,251.845713
2008,Sesheke,245.507312
2009,Sesheke,273.17335
2010,Sesheke,262.70015
2011,Sesheke,236.0769
2012,Sesheke,196.740027
2013,Sesheke,256.66467
2014,Sesheke,207.7091
2015,Sesheke,259.1088
2016,Sesheke,258.000728
2017,Sesheke,254.05844
2018,Sesheke,156.697134
2019,Sesheke,249.500855
1981,Shang'ombo,228.219351
1982,Shang'ombo,250.15727
1983,Shang'ombo,268.72732
1984,Shang'ombo,237.790813
1985,Shang'ombo,271.92718
1986,Shang'ombo,249.967767
1987,Shang'ombo,242.041985
1988,Shang'ombo,262.44901
1989,Shang'ombo,242.68871
1990,Shang'ombo,249.52445
1991,Shang'ombo,251.99773
1992,Shang'ombo,270.58502
1993,Shang'ombo,218.866177
1994,Shang'ombo,227.571144
1995,Shang'ombo,227.615958
1996,Shang'ombo,253.025879
1997,Shang'ombo,237.34321
1998,Shang'ombo,267.54689
1999,Shang'ombo,271.15469
2000,Shang'ombo,257.79122
2001,Shang'ombo,228.484287
2002,Shang'ombo,263.84768
2003,Shang'ombo,257.732851
2004,Shang'ombo,213.025577
2005,Shang'ombo,275
2006,Shang'ombo,257.627173
2007,Shang'ombo,254.762648
2008,Shang'ombo,270.43058
2009,Shang'ombo,269.08295
2010,Shang'ombo,250.99052
2011,Shang'ombo,263.39082
2012,Shang'ombo,208.685793
2013,Shang'ombo,263.73821
2014,Shang'ombo,210.731182
2015,Shang'ombo,263.93969
2016,Shang'ombo,263.1983
2017,Shang'ombo,249.60442
2018,Shang'ombo,176.26517
2019,Shang'ombo,265.50169
1981,Sikongo,260.43437
1982,Sikongo,260.5119
1983,Sikongo,275
1984,Sikongo,267.34242
1985,Sikongo,275
1986,Sikongo,258.40486
1987,Sikongo,265.73348
1988,Sikongo,275
1989,Sikongo,262.27062
1990,Sikongo,266.06806
1991,Sikongo,269.95723
1992,Sikongo,275
1993,Sikongo,236.120842
1994,Sikongo,235.75479
1995,Sikongo,242.60748
1996,Sikongo,261.99743
1997,Sikongo,256.978762
1998,Sikongo,275
1999,Sikongo,275
2000,Sikongo,272.45517
2001,Sikongo,236.882482
2002,Sikongo,275
2003,Sikongo,265.48267
2004,Sikongo,252.94443
2005,Sikongo,275
2006,Sikongo,257.382531
2007,Sikongo,256.035057
2008,Sikongo,270.21552
2009,Sikongo,275
2010,Sikongo,275
2011,Sikongo,275
2012,Sikongo,234.139759
2013,Sikongo,269.51691
2014,Sikongo,245.54005
2015,Sikongo,275
2016,Sikongo,264.55713
2017,Sikongo,264.98005
2018,Sikongo,224.351468
2019,Sikongo,268.26082
1981,Sioma,231.073135
1982,Sioma,244.963215
1983,Sioma,264.01171
1984,Sioma,229.695897
1985,Sioma,269.98621
1986,Sioma,259.84185
1987,Sioma,236.64806
1988,Sioma,255.661366
1989,Sioma,246.87466
1990,Sioma,253.44566
1991,Sioma,240.77901
1992,Sioma,265.62677
1993,Sioma,222.803053
1994,Sioma,219.721308
1995,Sioma,228.314768
1996,Sioma,256.059141
1997,Sioma,234.256745
1998,Sioma,258.47854
1999,Sioma,275
2000,Sioma,255.25478
2001,Sioma,226.464859
2002,Sioma,257.42387
2003,Sioma,256.13572
2004,Sioma,208.106291
2005,Sioma,275
2006,Sioma,254.91024
2007,Sioma,254.881666
2008,Sioma,259.53027
2009,Sioma,274.33326
2010,Sioma,260.55294
2011,Sioma,252.797967
2012,Sioma,203.485379
2013,Sioma,263.48189
2014,Sioma,200.124589
2015,Sioma,259.022173
2016,Sioma,264.62993
2017,Sioma,249.72132
2018,Sioma,163.362131
2019,Sioma,261.43441
